"filename", "language", "JavaScript", "JSON", "XML", "CSS", "HTML", "TypeScript", "comment", "blank", "total"
"/home/kenny/projects/resdynmed/package-lock.json", "JSON", 0, 2812, 0, 0, 0, 0, 0, 1, 2813
"/home/kenny/projects/resdynmed/package.json", "JSON", 0, 36, 0, 0, 0, 0, 0, 0, 36
"/home/kenny/projects/resdynmed/public/vite.svg", "XML", 0, 0, 1, 0, 0, 0, 0, 0, 1
"/home/kenny/projects/resdynmed/sourcedata/dailysunmoon/1900.json", "JSON", 0, 24305, 0, 0, 0, 0, 0, 0, 24305
"/home/kenny/projects/resdynmed/sourcedata/dailysunmoon/1901.json", "JSON", 0, 1, 0, 0, 0, 0, 0, 0, 1
"/home/kenny/projects/resdynmed/sourcedata/dailysunmoon/1902.json", "JSON", 0, 1, 0, 0, 0, 0, 0, 0, 1
"/home/kenny/projects/resdynmed/sourcedata/dailysunmoon/1903.json", "JSON", 0, 24309, 0, 0, 0, 0, 0, 0, 24309
"/home/kenny/projects/resdynmed/sourcedata/dailysunmoon/1904.json", "JSON", 0, 24376, 0, 0, 0, 0, 0, 0, 24376
"/home/kenny/projects/resdynmed/sourcedata/dailysunmoon/1905.json", "JSON", 0, 1, 0, 0, 0, 0, 0, 0, 1
"/home/kenny/projects/resdynmed/sourcedata/dailysunmoon/1906.json", "JSON", 0, 1, 0, 0, 0, 0, 0, 0, 1
"/home/kenny/projects/resdynmed/sourcedata/dailysunmoon/1907.json", "JSON", 0, 1, 0, 0, 0, 0, 0, 0, 1
"/home/kenny/projects/resdynmed/sourcedata/dailysunmoon/1908.json", "JSON", 0, 1, 0, 0, 0, 0, 0, 0, 1
"/home/kenny/projects/resdynmed/sourcedata/dailysunmoon/1909.json", "JSON", 0, 1, 0, 0, 0, 0, 0, 0, 1
"/home/kenny/projects/resdynmed/sourcedata/dailysunmoon/1910.json", "JSON", 0, 1, 0, 0, 0, 0, 0, 0, 1
"/home/kenny/projects/resdynmed/sourcedata/dailysunmoon/1911.json", "JSON", 0, 1, 0, 0, 0, 0, 0, 0, 1
"/home/kenny/projects/resdynmed/sourcedata/dailysunmoon/1912.json", "JSON", 0, 1, 0, 0, 0, 0, 0, 0, 1
"/home/kenny/projects/resdynmed/sourcedata/dailysunmoon/1913.json", "JSON", 0, 1, 0, 0, 0, 0, 0, 0, 1
"/home/kenny/projects/resdynmed/sourcedata/dailysunmoon/1914.json", "JSON", 0, 1, 0, 0, 0, 0, 0, 0, 1
"/home/kenny/projects/resdynmed/sourcedata/dailysunmoon/1915.json", "JSON", 0, 1, 0, 0, 0, 0, 0, 0, 1
"/home/kenny/projects/resdynmed/sourcedata/dailysunmoon/1916.json", "JSON", 0, 1, 0, 0, 0, 0, 0, 0, 1
"/home/kenny/projects/resdynmed/sourcedata/dailysunmoon/1917.json", "JSON", 0, 1, 0, 0, 0, 0, 0, 0, 1
"/home/kenny/projects/resdynmed/sourcedata/dailysunmoon/1918.json", "JSON", 0, 1, 0, 0, 0, 0, 0, 0, 1
"/home/kenny/projects/resdynmed/sourcedata/dailysunmoon/1919.json", "JSON", 0, 1, 0, 0, 0, 0, 0, 0, 1
"/home/kenny/projects/resdynmed/sourcedata/dailysunmoon/1920.json", "JSON", 0, 1, 0, 0, 0, 0, 0, 0, 1
"/home/kenny/projects/resdynmed/sourcedata/dailysunmoon/1921.json", "JSON", 0, 1, 0, 0, 0, 0, 0, 0, 1
"/home/kenny/projects/resdynmed/sourcedata/dailysunmoon/1922.json", "JSON", 0, 1, 0, 0, 0, 0, 0, 0, 1
"/home/kenny/projects/resdynmed/sourcedata/dailysunmoon/1923.json", "JSON", 0, 1, 0, 0, 0, 0, 0, 0, 1
"/home/kenny/projects/resdynmed/sourcedata/dailysunmoon/1924.json", "JSON", 0, 1, 0, 0, 0, 0, 0, 0, 1
"/home/kenny/projects/resdynmed/sourcedata/dailysunmoon/1925.json", "JSON", 0, 1, 0, 0, 0, 0, 0, 0, 1
"/home/kenny/projects/resdynmed/sourcedata/dailysunmoon/1926.json", "JSON", 0, 1, 0, 0, 0, 0, 0, 0, 1
"/home/kenny/projects/resdynmed/sourcedata/dailysunmoon/1927.json", "JSON", 0, 1, 0, 0, 0, 0, 0, 0, 1
"/home/kenny/projects/resdynmed/sourcedata/dailysunmoon/1928.json", "JSON", 0, 1, 0, 0, 0, 0, 0, 0, 1
"/home/kenny/projects/resdynmed/sourcedata/dailysunmoon/1929.json", "JSON", 0, 1, 0, 0, 0, 0, 0, 0, 1
"/home/kenny/projects/resdynmed/sourcedata/dailysunmoon/1930.json", "JSON", 0, 1, 0, 0, 0, 0, 0, 0, 1
"/home/kenny/projects/resdynmed/sourcedata/dailysunmoon/1931.json", "JSON", 0, 1, 0, 0, 0, 0, 0, 0, 1
"/home/kenny/projects/resdynmed/sourcedata/dailysunmoon/1932.json", "JSON", 0, 1, 0, 0, 0, 0, 0, 0, 1
"/home/kenny/projects/resdynmed/sourcedata/dailysunmoon/1933.json", "JSON", 0, 1, 0, 0, 0, 0, 0, 0, 1
"/home/kenny/projects/resdynmed/sourcedata/dailysunmoon/1934.json", "JSON", 0, 1, 0, 0, 0, 0, 0, 0, 1
"/home/kenny/projects/resdynmed/sourcedata/dailysunmoon/1935.json", "JSON", 0, 1, 0, 0, 0, 0, 0, 0, 1
"/home/kenny/projects/resdynmed/sourcedata/dailysunmoon/1936.json", "JSON", 0, 1, 0, 0, 0, 0, 0, 0, 1
"/home/kenny/projects/resdynmed/sourcedata/dailysunmoon/1937.json", "JSON", 0, 1, 0, 0, 0, 0, 0, 0, 1
"/home/kenny/projects/resdynmed/sourcedata/dailysunmoon/1938.json", "JSON", 0, 1, 0, 0, 0, 0, 0, 0, 1
"/home/kenny/projects/resdynmed/sourcedata/dailysunmoon/1939.json", "JSON", 0, 1, 0, 0, 0, 0, 0, 0, 1
"/home/kenny/projects/resdynmed/sourcedata/dailysunmoon/1940.json", "JSON", 0, 1, 0, 0, 0, 0, 0, 0, 1
"/home/kenny/projects/resdynmed/sourcedata/dailysunmoon/1941.json", "JSON", 0, 1, 0, 0, 0, 0, 0, 0, 1
"/home/kenny/projects/resdynmed/sourcedata/dailysunmoon/1942.json", "JSON", 0, 1, 0, 0, 0, 0, 0, 0, 1
"/home/kenny/projects/resdynmed/sourcedata/dailysunmoon/1943.json", "JSON", 0, 1, 0, 0, 0, 0, 0, 0, 1
"/home/kenny/projects/resdynmed/sourcedata/dailysunmoon/1944.json", "JSON", 0, 1, 0, 0, 0, 0, 0, 0, 1
"/home/kenny/projects/resdynmed/sourcedata/dailysunmoon/1945.json", "JSON", 0, 1, 0, 0, 0, 0, 0, 0, 1
"/home/kenny/projects/resdynmed/sourcedata/dailysunmoon/1946.json", "JSON", 0, 1, 0, 0, 0, 0, 0, 0, 1
"/home/kenny/projects/resdynmed/sourcedata/dailysunmoon/1947.json", "JSON", 0, 1, 0, 0, 0, 0, 0, 0, 1
"/home/kenny/projects/resdynmed/sourcedata/dailysunmoon/1948.json", "JSON", 0, 1, 0, 0, 0, 0, 0, 0, 1
"/home/kenny/projects/resdynmed/sourcedata/dailysunmoon/1949.json", "JSON", 0, 1, 0, 0, 0, 0, 0, 0, 1
"/home/kenny/projects/resdynmed/sourcedata/dailysunmoon/1950.json", "JSON", 0, 1, 0, 0, 0, 0, 0, 0, 1
"/home/kenny/projects/resdynmed/sourcedata/dailysunmoon/1951.json", "JSON", 0, 1, 0, 0, 0, 0, 0, 0, 1
"/home/kenny/projects/resdynmed/sourcedata/dailysunmoon/1952.json", "JSON", 0, 1, 0, 0, 0, 0, 0, 0, 1
"/home/kenny/projects/resdynmed/sourcedata/dailysunmoon/1953.json", "JSON", 0, 1, 0, 0, 0, 0, 0, 0, 1
"/home/kenny/projects/resdynmed/sourcedata/dailysunmoon/1954.json", "JSON", 0, 1, 0, 0, 0, 0, 0, 0, 1
"/home/kenny/projects/resdynmed/sourcedata/dailysunmoon/1955.json", "JSON", 0, 1, 0, 0, 0, 0, 0, 0, 1
"/home/kenny/projects/resdynmed/sourcedata/dailysunmoon/1956.json", "JSON", 0, 1, 0, 0, 0, 0, 0, 0, 1
"/home/kenny/projects/resdynmed/sourcedata/dailysunmoon/1957.json", "JSON", 0, 1, 0, 0, 0, 0, 0, 0, 1
"/home/kenny/projects/resdynmed/sourcedata/dailysunmoon/1958.json", "JSON", 0, 1, 0, 0, 0, 0, 0, 0, 1
"/home/kenny/projects/resdynmed/sourcedata/dailysunmoon/1959.json", "JSON", 0, 1, 0, 0, 0, 0, 0, 0, 1
"/home/kenny/projects/resdynmed/sourcedata/dailysunmoon/1960.json", "JSON", 0, 1, 0, 0, 0, 0, 0, 0, 1
"/home/kenny/projects/resdynmed/sourcedata/dailysunmoon/1961.json", "JSON", 0, 1, 0, 0, 0, 0, 0, 0, 1
"/home/kenny/projects/resdynmed/sourcedata/dailysunmoon/1962.json", "JSON", 0, 1, 0, 0, 0, 0, 0, 0, 1
"/home/kenny/projects/resdynmed/sourcedata/dailysunmoon/1963.json", "JSON", 0, 1, 0, 0, 0, 0, 0, 0, 1
"/home/kenny/projects/resdynmed/sourcedata/dailysunmoon/1964.json", "JSON", 0, 1, 0, 0, 0, 0, 0, 0, 1
"/home/kenny/projects/resdynmed/sourcedata/dailysunmoon/1965.json", "JSON", 0, 1, 0, 0, 0, 0, 0, 0, 1
"/home/kenny/projects/resdynmed/sourcedata/dailysunmoon/1966.json", "JSON", 0, 1, 0, 0, 0, 0, 0, 0, 1
"/home/kenny/projects/resdynmed/sourcedata/dailysunmoon/1967.json", "JSON", 0, 1, 0, 0, 0, 0, 0, 0, 1
"/home/kenny/projects/resdynmed/sourcedata/dailysunmoon/1968.json", "JSON", 0, 1, 0, 0, 0, 0, 0, 0, 1
"/home/kenny/projects/resdynmed/sourcedata/dailysunmoon/1969.json", "JSON", 0, 1, 0, 0, 0, 0, 0, 0, 1
"/home/kenny/projects/resdynmed/sourcedata/dailysunmoon/1970.json", "JSON", 0, 1, 0, 0, 0, 0, 0, 0, 1
"/home/kenny/projects/resdynmed/sourcedata/dailysunmoon/1971.json", "JSON", 0, 1, 0, 0, 0, 0, 0, 0, 1
"/home/kenny/projects/resdynmed/sourcedata/dailysunmoon/1972.json", "JSON", 0, 1, 0, 0, 0, 0, 0, 0, 1
"/home/kenny/projects/resdynmed/sourcedata/dailysunmoon/1973.json", "JSON", 0, 1, 0, 0, 0, 0, 0, 0, 1
"/home/kenny/projects/resdynmed/sourcedata/dailysunmoon/1974.json", "JSON", 0, 1, 0, 0, 0, 0, 0, 0, 1
"/home/kenny/projects/resdynmed/sourcedata/dailysunmoon/1975.json", "JSON", 0, 1, 0, 0, 0, 0, 0, 0, 1
"/home/kenny/projects/resdynmed/sourcedata/dailysunmoon/1976.json", "JSON", 0, 1, 0, 0, 0, 0, 0, 0, 1
"/home/kenny/projects/resdynmed/sourcedata/dailysunmoon/1977.json", "JSON", 0, 1, 0, 0, 0, 0, 0, 0, 1
"/home/kenny/projects/resdynmed/sourcedata/dailysunmoon/1978.json", "JSON", 0, 1, 0, 0, 0, 0, 0, 0, 1
"/home/kenny/projects/resdynmed/sourcedata/dailysunmoon/1979.json", "JSON", 0, 1, 0, 0, 0, 0, 0, 0, 1
"/home/kenny/projects/resdynmed/sourcedata/dailysunmoon/1980.json", "JSON", 0, 1, 0, 0, 0, 0, 0, 0, 1
"/home/kenny/projects/resdynmed/sourcedata/dailysunmoon/1981.json", "JSON", 0, 1, 0, 0, 0, 0, 0, 0, 1
"/home/kenny/projects/resdynmed/sourcedata/dailysunmoon/1982.json", "JSON", 0, 1, 0, 0, 0, 0, 0, 0, 1
"/home/kenny/projects/resdynmed/sourcedata/dailysunmoon/1983.json", "JSON", 0, 1, 0, 0, 0, 0, 0, 0, 1
"/home/kenny/projects/resdynmed/sourcedata/dailysunmoon/1984.json", "JSON", 0, 1, 0, 0, 0, 0, 0, 0, 1
"/home/kenny/projects/resdynmed/sourcedata/dailysunmoon/1985.json", "JSON", 0, 1, 0, 0, 0, 0, 0, 0, 1
"/home/kenny/projects/resdynmed/sourcedata/dailysunmoon/1986.json", "JSON", 0, 1, 0, 0, 0, 0, 0, 0, 1
"/home/kenny/projects/resdynmed/sourcedata/dailysunmoon/1987.json", "JSON", 0, 1, 0, 0, 0, 0, 0, 0, 1
"/home/kenny/projects/resdynmed/sourcedata/dailysunmoon/1988.json", "JSON", 0, 1, 0, 0, 0, 0, 0, 0, 1
"/home/kenny/projects/resdynmed/sourcedata/dailysunmoon/1989.json", "JSON", 0, 1, 0, 0, 0, 0, 0, 0, 1
"/home/kenny/projects/resdynmed/sourcedata/dailysunmoon/1990.json", "JSON", 0, 1, 0, 0, 0, 0, 0, 0, 1
"/home/kenny/projects/resdynmed/sourcedata/dailysunmoon/1991.json", "JSON", 0, 1, 0, 0, 0, 0, 0, 0, 1
"/home/kenny/projects/resdynmed/sourcedata/dailysunmoon/1992.json", "JSON", 0, 1, 0, 0, 0, 0, 0, 0, 1
"/home/kenny/projects/resdynmed/sourcedata/dailysunmoon/1993.json", "JSON", 0, 1, 0, 0, 0, 0, 0, 0, 1
"/home/kenny/projects/resdynmed/sourcedata/dailysunmoon/1994.json", "JSON", 0, 1, 0, 0, 0, 0, 0, 0, 1
"/home/kenny/projects/resdynmed/sourcedata/dailysunmoon/1995.json", "JSON", 0, 1, 0, 0, 0, 0, 0, 0, 1
"/home/kenny/projects/resdynmed/sourcedata/dailysunmoon/1996.json", "JSON", 0, 1, 0, 0, 0, 0, 0, 0, 1
"/home/kenny/projects/resdynmed/sourcedata/dailysunmoon/1997.json", "JSON", 0, 1, 0, 0, 0, 0, 0, 0, 1
"/home/kenny/projects/resdynmed/sourcedata/dailysunmoon/1998.json", "JSON", 0, 1, 0, 0, 0, 0, 0, 0, 1
"/home/kenny/projects/resdynmed/sourcedata/dailysunmoon/1999.json", "JSON", 0, 1, 0, 0, 0, 0, 0, 0, 1
"/home/kenny/projects/resdynmed/sourcedata/dailysunmoon/2000.json", "JSON", 0, 1, 0, 0, 0, 0, 0, 0, 1
"/home/kenny/projects/resdynmed/sourcedata/dailysunmoon/2001.json", "JSON", 0, 1, 0, 0, 0, 0, 0, 0, 1
"/home/kenny/projects/resdynmed/sourcedata/dailysunmoon/2002.json", "JSON", 0, 1, 0, 0, 0, 0, 0, 0, 1
"/home/kenny/projects/resdynmed/sourcedata/dailysunmoon/2003.json", "JSON", 0, 1, 0, 0, 0, 0, 0, 0, 1
"/home/kenny/projects/resdynmed/sourcedata/dailysunmoon/2004.json", "JSON", 0, 1, 0, 0, 0, 0, 0, 0, 1
"/home/kenny/projects/resdynmed/sourcedata/dailysunmoon/2005.json", "JSON", 0, 1, 0, 0, 0, 0, 0, 0, 1
"/home/kenny/projects/resdynmed/sourcedata/dailysunmoon/2006.json", "JSON", 0, 1, 0, 0, 0, 0, 0, 0, 1
"/home/kenny/projects/resdynmed/sourcedata/dailysunmoon/2007.json", "JSON", 0, 1, 0, 0, 0, 0, 0, 0, 1
"/home/kenny/projects/resdynmed/sourcedata/dailysunmoon/2008.json", "JSON", 0, 1, 0, 0, 0, 0, 0, 0, 1
"/home/kenny/projects/resdynmed/sourcedata/dailysunmoon/2009.json", "JSON", 0, 1, 0, 0, 0, 0, 0, 0, 1
"/home/kenny/projects/resdynmed/sourcedata/dailysunmoon/2010.json", "JSON", 0, 1, 0, 0, 0, 0, 0, 0, 1
"/home/kenny/projects/resdynmed/sourcedata/dailysunmoon/2011.json", "JSON", 0, 1, 0, 0, 0, 0, 0, 0, 1
"/home/kenny/projects/resdynmed/sourcedata/dailysunmoon/2012.json", "JSON", 0, 1, 0, 0, 0, 0, 0, 0, 1
"/home/kenny/projects/resdynmed/sourcedata/dailysunmoon/2013.json", "JSON", 0, 1, 0, 0, 0, 0, 0, 0, 1
"/home/kenny/projects/resdynmed/sourcedata/dailysunmoon/2014.json", "JSON", 0, 1, 0, 0, 0, 0, 0, 0, 1
"/home/kenny/projects/resdynmed/sourcedata/dailysunmoon/2015.json", "JSON", 0, 1, 0, 0, 0, 0, 0, 0, 1
"/home/kenny/projects/resdynmed/sourcedata/dailysunmoon/2016.json", "JSON", 0, 1, 0, 0, 0, 0, 0, 0, 1
"/home/kenny/projects/resdynmed/sourcedata/dailysunmoon/2017.json", "JSON", 0, 1, 0, 0, 0, 0, 0, 0, 1
"/home/kenny/projects/resdynmed/sourcedata/dailysunmoon/2018.json", "JSON", 0, 1, 0, 0, 0, 0, 0, 0, 1
"/home/kenny/projects/resdynmed/sourcedata/dailysunmoon/2019.json", "JSON", 0, 1, 0, 0, 0, 0, 0, 0, 1
"/home/kenny/projects/resdynmed/sourcedata/dailysunmoon/2020.json", "JSON", 0, 1, 0, 0, 0, 0, 0, 0, 1
"/home/kenny/projects/resdynmed/sourcedata/dailysunmoon/2021.json", "JSON", 0, 1, 0, 0, 0, 0, 0, 0, 1
"/home/kenny/projects/resdynmed/sourcedata/dailysunmoon/2022.json", "JSON", 0, 1, 0, 0, 0, 0, 0, 0, 1
"/home/kenny/projects/resdynmed/sourcedata/dailysunmoon/2023.json", "JSON", 0, 1, 0, 0, 0, 0, 0, 0, 1
"/home/kenny/projects/resdynmed/sourcedata/dailysunmoon/2024.json", "JSON", 0, 1, 0, 0, 0, 0, 0, 0, 1
"/home/kenny/projects/resdynmed/sourcedata/dailysunmoon/2025.json", "JSON", 0, 1, 0, 0, 0, 0, 0, 0, 1
"/home/kenny/projects/resdynmed/sourcedata/dailysunmoon/2026.json", "JSON", 0, 1, 0, 0, 0, 0, 0, 0, 1
"/home/kenny/projects/resdynmed/sourcedata/dailysunmoon/2027.json", "JSON", 0, 1, 0, 0, 0, 0, 0, 0, 1
"/home/kenny/projects/resdynmed/sourcedata/dailysunmoon/2028.json", "JSON", 0, 1, 0, 0, 0, 0, 0, 0, 1
"/home/kenny/projects/resdynmed/sourcedata/dailysunmoon/2029.json", "JSON", 0, 1, 0, 0, 0, 0, 0, 0, 1
"/home/kenny/projects/resdynmed/sourcedata/dailysunmoon/2030.json", "JSON", 0, 1, 0, 0, 0, 0, 0, 0, 1
"/home/kenny/projects/resdynmed/sourcedata/dailysunmoon/2031.json", "JSON", 0, 1, 0, 0, 0, 0, 0, 0, 1
"/home/kenny/projects/resdynmed/sourcedata/dailysunmoon/2032.json", "JSON", 0, 1, 0, 0, 0, 0, 0, 0, 1
"/home/kenny/projects/resdynmed/sourcedata/dailysunmoon/2033.json", "JSON", 0, 1, 0, 0, 0, 0, 0, 0, 1
"/home/kenny/projects/resdynmed/sourcedata/dailysunmoon/2034.json", "JSON", 0, 1, 0, 0, 0, 0, 0, 0, 1
"/home/kenny/projects/resdynmed/sourcedata/dailysunmoon/2035.json", "JSON", 0, 1, 0, 0, 0, 0, 0, 0, 1
"/home/kenny/projects/resdynmed/sourcedata/dailysunmoon/2036.json", "JSON", 0, 1, 0, 0, 0, 0, 0, 0, 1
"/home/kenny/projects/resdynmed/sourcedata/dailysunmoon/2037.json", "JSON", 0, 1, 0, 0, 0, 0, 0, 0, 1
"/home/kenny/projects/resdynmed/sourcedata/dailysunmoon/2038.json", "JSON", 0, 1, 0, 0, 0, 0, 0, 0, 1
"/home/kenny/projects/resdynmed/sourcedata/dailysunmoon/2039.json", "JSON", 0, 1, 0, 0, 0, 0, 0, 0, 1
"/home/kenny/projects/resdynmed/sourcedata/dailysunmoon/2040.json", "JSON", 0, 1, 0, 0, 0, 0, 0, 0, 1
"/home/kenny/projects/resdynmed/sourcedata/dailysunmoon/2041.json", "JSON", 0, 1, 0, 0, 0, 0, 0, 0, 1
"/home/kenny/projects/resdynmed/sourcedata/dailysunmoon/2042.json", "JSON", 0, 1, 0, 0, 0, 0, 0, 0, 1
"/home/kenny/projects/resdynmed/sourcedata/dailysunmoon/2043.json", "JSON", 0, 1, 0, 0, 0, 0, 0, 0, 1
"/home/kenny/projects/resdynmed/sourcedata/dailysunmoon/2044.json", "JSON", 0, 1, 0, 0, 0, 0, 0, 0, 1
"/home/kenny/projects/resdynmed/sourcedata/dailysunmoon/2045.json", "JSON", 0, 1, 0, 0, 0, 0, 0, 0, 1
"/home/kenny/projects/resdynmed/sourcedata/dailysunmoon/2046.json", "JSON", 0, 1, 0, 0, 0, 0, 0, 0, 1
"/home/kenny/projects/resdynmed/sourcedata/dailysunmoon/2047.json", "JSON", 0, 1, 0, 0, 0, 0, 0, 0, 1
"/home/kenny/projects/resdynmed/sourcedata/dailysunmoon/2048.json", "JSON", 0, 1, 0, 0, 0, 0, 0, 0, 1
"/home/kenny/projects/resdynmed/sourcedata/dailysunmoon/2049.json", "JSON", 0, 1, 0, 0, 0, 0, 0, 0, 1
"/home/kenny/projects/resdynmed/sourcedata/dailysunmoon/2050.json", "JSON", 0, 1, 0, 0, 0, 0, 0, 0, 1
"/home/kenny/projects/resdynmed/sourcedata/dailysunmoon/2051.json", "JSON", 0, 1, 0, 0, 0, 0, 0, 0, 1
"/home/kenny/projects/resdynmed/sourcedata/dailysunmoon/2052.json", "JSON", 0, 1, 0, 0, 0, 0, 0, 0, 1
"/home/kenny/projects/resdynmed/sourcedata/dailysunmoon/2053.json", "JSON", 0, 1, 0, 0, 0, 0, 0, 0, 1
"/home/kenny/projects/resdynmed/sourcedata/dailysunmoon/2054.json", "JSON", 0, 1, 0, 0, 0, 0, 0, 0, 1
"/home/kenny/projects/resdynmed/sourcedata/dailysunmoon/2055.json", "JSON", 0, 1, 0, 0, 0, 0, 0, 0, 1
"/home/kenny/projects/resdynmed/sourcedata/dailysunmoon/2056.json", "JSON", 0, 1, 0, 0, 0, 0, 0, 0, 1
"/home/kenny/projects/resdynmed/sourcedata/dailysunmoon/2057.json", "JSON", 0, 1, 0, 0, 0, 0, 0, 0, 1
"/home/kenny/projects/resdynmed/sourcedata/dailysunmoon/2058.json", "JSON", 0, 1, 0, 0, 0, 0, 0, 0, 1
"/home/kenny/projects/resdynmed/sourcedata/dailysunmoon/2059.json", "JSON", 0, 1, 0, 0, 0, 0, 0, 0, 1
"/home/kenny/projects/resdynmed/sourcedata/dailysunmoon/2060.json", "JSON", 0, 1, 0, 0, 0, 0, 0, 0, 1
"/home/kenny/projects/resdynmed/sourcedata/dailysunmoon/2061.json", "JSON", 0, 1, 0, 0, 0, 0, 0, 0, 1
"/home/kenny/projects/resdynmed/sourcedata/dailysunmoon/2062.json", "JSON", 0, 1, 0, 0, 0, 0, 0, 0, 1
"/home/kenny/projects/resdynmed/sourcedata/dailysunmoon/2063.json", "JSON", 0, 1, 0, 0, 0, 0, 0, 0, 1
"/home/kenny/projects/resdynmed/sourcedata/dailysunmoon/2064.json", "JSON", 0, 1, 0, 0, 0, 0, 0, 0, 1
"/home/kenny/projects/resdynmed/sourcedata/dailysunmoon/2065.json", "JSON", 0, 1, 0, 0, 0, 0, 0, 0, 1
"/home/kenny/projects/resdynmed/sourcedata/dailysunmoon/2066.json", "JSON", 0, 24309, 0, 0, 0, 0, 0, 0, 24309
"/home/kenny/projects/resdynmed/sourcedata/dailysunmoon/2067.json", "JSON", 0, 1, 0, 0, 0, 0, 0, 0, 1
"/home/kenny/projects/resdynmed/sourcedata/dailysunmoon/2068.json", "JSON", 0, 1, 0, 0, 0, 0, 0, 0, 1
"/home/kenny/projects/resdynmed/sourcedata/dailysunmoon/2069.json", "JSON", 0, 1, 0, 0, 0, 0, 0, 0, 1
"/home/kenny/projects/resdynmed/sourcedata/dailysunmoon/2070.json", "JSON", 0, 1, 0, 0, 0, 0, 0, 0, 1
"/home/kenny/projects/resdynmed/sourcedata/dailysunmoon/2071.json", "JSON", 0, 1, 0, 0, 0, 0, 0, 0, 1
"/home/kenny/projects/resdynmed/sourcedata/dailysunmoon/2072.json", "JSON", 0, 1, 0, 0, 0, 0, 0, 0, 1
"/home/kenny/projects/resdynmed/sourcedata/dailysunmoon/2073.json", "JSON", 0, 1, 0, 0, 0, 0, 0, 0, 1
"/home/kenny/projects/resdynmed/sourcedata/dailysunmoon/2074.json", "JSON", 0, 1, 0, 0, 0, 0, 0, 0, 1
"/home/kenny/projects/resdynmed/sourcedata/dailysunmoon/2075.json", "JSON", 0, 1, 0, 0, 0, 0, 0, 0, 1
"/home/kenny/projects/resdynmed/sourcedata/dailysunmoon/2076.json", "JSON", 0, 1, 0, 0, 0, 0, 0, 0, 1
"/home/kenny/projects/resdynmed/sourcedata/dailysunmoon/2077.json", "JSON", 0, 1, 0, 0, 0, 0, 0, 0, 1
"/home/kenny/projects/resdynmed/sourcedata/dailysunmoon/2078.json", "JSON", 0, 1, 0, 0, 0, 0, 0, 0, 1
"/home/kenny/projects/resdynmed/sourcedata/dailysunmoon/2079.json", "JSON", 0, 1, 0, 0, 0, 0, 0, 0, 1
"/home/kenny/projects/resdynmed/sourcedata/dailysunmoon/2080.json", "JSON", 0, 1, 0, 0, 0, 0, 0, 0, 1
"/home/kenny/projects/resdynmed/sourcedata/dailysunmoon/2081.json", "JSON", 0, 1, 0, 0, 0, 0, 0, 0, 1
"/home/kenny/projects/resdynmed/sourcedata/dailysunmoon/2082.json", "JSON", 0, 1, 0, 0, 0, 0, 0, 0, 1
"/home/kenny/projects/resdynmed/sourcedata/dailysunmoon/2083.json", "JSON", 0, 1, 0, 0, 0, 0, 0, 0, 1
"/home/kenny/projects/resdynmed/sourcedata/dailysunmoon/2084.json", "JSON", 0, 1, 0, 0, 0, 0, 0, 0, 1
"/home/kenny/projects/resdynmed/sourcedata/dailysunmoon/2085.json", "JSON", 0, 1, 0, 0, 0, 0, 0, 0, 1
"/home/kenny/projects/resdynmed/sourcedata/dailysunmoon/2086.json", "JSON", 0, 1, 0, 0, 0, 0, 0, 0, 1
"/home/kenny/projects/resdynmed/sourcedata/dailysunmoon/2087.json", "JSON", 0, 1, 0, 0, 0, 0, 0, 0, 1
"/home/kenny/projects/resdynmed/sourcedata/dailysunmoon/2088.json", "JSON", 0, 1, 0, 0, 0, 0, 0, 0, 1
"/home/kenny/projects/resdynmed/sourcedata/dailysunmoon/2089.json", "JSON", 0, 1, 0, 0, 0, 0, 0, 0, 1
"/home/kenny/projects/resdynmed/sourcedata/dailysunmoon/2090.json", "JSON", 0, 1, 0, 0, 0, 0, 0, 0, 1
"/home/kenny/projects/resdynmed/sourcedata/dailysunmoon/2091.json", "JSON", 0, 1, 0, 0, 0, 0, 0, 0, 1
"/home/kenny/projects/resdynmed/sourcedata/dailysunmoon/2092.json", "JSON", 0, 1, 0, 0, 0, 0, 0, 0, 1
"/home/kenny/projects/resdynmed/sourcedata/dailysunmoon/2093.json", "JSON", 0, 1, 0, 0, 0, 0, 0, 0, 1
"/home/kenny/projects/resdynmed/sourcedata/dailysunmoon/2094.json", "JSON", 0, 1, 0, 0, 0, 0, 0, 0, 1
"/home/kenny/projects/resdynmed/sourcedata/dailysunmoon/2095.json", "JSON", 0, 1, 0, 0, 0, 0, 0, 0, 1
"/home/kenny/projects/resdynmed/sourcedata/dailysunmoon/2096.json", "JSON", 0, 1, 0, 0, 0, 0, 0, 0, 1
"/home/kenny/projects/resdynmed/sourcedata/dailysunmoon/2097.json", "JSON", 0, 1, 0, 0, 0, 0, 0, 0, 1
"/home/kenny/projects/resdynmed/sourcedata/dailysunmoon/2098.json", "JSON", 0, 1, 0, 0, 0, 0, 0, 0, 1
"/home/kenny/projects/resdynmed/sourcedata/dailysunmoon/2099.json", "JSON", 0, 1, 0, 0, 0, 0, 0, 0, 1
"/home/kenny/projects/resdynmed/sourcedata/dailysunmoon/2100.json", "JSON", 0, 1, 0, 0, 0, 0, 0, 0, 1
"/home/kenny/projects/resdynmed/sourcedata/dailysunset/1900.json", "JSON", 0, 367, 0, 0, 0, 0, 0, 0, 367
"/home/kenny/projects/resdynmed/sourcedata/dailysunset/1901.json", "JSON", 0, 367, 0, 0, 0, 0, 0, 0, 367
"/home/kenny/projects/resdynmed/sourcedata/dailysunset/1902.json", "JSON", 0, 367, 0, 0, 0, 0, 0, 0, 367
"/home/kenny/projects/resdynmed/sourcedata/dailysunset/1903.json", "JSON", 0, 367, 0, 0, 0, 0, 0, 0, 367
"/home/kenny/projects/resdynmed/sourcedata/dailysunset/1904.json", "JSON", 0, 368, 0, 0, 0, 0, 0, 0, 368
"/home/kenny/projects/resdynmed/sourcedata/dailysunset/1905.json", "JSON", 0, 367, 0, 0, 0, 0, 0, 0, 367
"/home/kenny/projects/resdynmed/sourcedata/dailysunset/1906.json", "JSON", 0, 367, 0, 0, 0, 0, 0, 0, 367
"/home/kenny/projects/resdynmed/sourcedata/dailysunset/1907.json", "JSON", 0, 367, 0, 0, 0, 0, 0, 0, 367
"/home/kenny/projects/resdynmed/sourcedata/dailysunset/1908.json", "JSON", 0, 368, 0, 0, 0, 0, 0, 0, 368
"/home/kenny/projects/resdynmed/sourcedata/dailysunset/1909.json", "JSON", 0, 367, 0, 0, 0, 0, 0, 0, 367
"/home/kenny/projects/resdynmed/sourcedata/dailysunset/1910.json", "JSON", 0, 367, 0, 0, 0, 0, 0, 0, 367
"/home/kenny/projects/resdynmed/sourcedata/dailysunset/1911.json", "JSON", 0, 367, 0, 0, 0, 0, 0, 0, 367
"/home/kenny/projects/resdynmed/sourcedata/dailysunset/1912.json", "JSON", 0, 368, 0, 0, 0, 0, 0, 0, 368
"/home/kenny/projects/resdynmed/sourcedata/dailysunset/1913.json", "JSON", 0, 367, 0, 0, 0, 0, 0, 0, 367
"/home/kenny/projects/resdynmed/sourcedata/dailysunset/1914.json", "JSON", 0, 367, 0, 0, 0, 0, 0, 0, 367
"/home/kenny/projects/resdynmed/sourcedata/dailysunset/1915.json", "JSON", 0, 367, 0, 0, 0, 0, 0, 0, 367
"/home/kenny/projects/resdynmed/sourcedata/dailysunset/1916.json", "JSON", 0, 368, 0, 0, 0, 0, 0, 0, 368
"/home/kenny/projects/resdynmed/sourcedata/dailysunset/1917.json", "JSON", 0, 367, 0, 0, 0, 0, 0, 0, 367
"/home/kenny/projects/resdynmed/sourcedata/dailysunset/1918.json", "JSON", 0, 367, 0, 0, 0, 0, 0, 0, 367
"/home/kenny/projects/resdynmed/sourcedata/dailysunset/1919.json", "JSON", 0, 367, 0, 0, 0, 0, 0, 0, 367
"/home/kenny/projects/resdynmed/sourcedata/dailysunset/1920.json", "JSON", 0, 368, 0, 0, 0, 0, 0, 0, 368
"/home/kenny/projects/resdynmed/sourcedata/dailysunset/1921.json", "JSON", 0, 367, 0, 0, 0, 0, 0, 0, 367
"/home/kenny/projects/resdynmed/sourcedata/dailysunset/1922.json", "JSON", 0, 367, 0, 0, 0, 0, 0, 0, 367
"/home/kenny/projects/resdynmed/sourcedata/dailysunset/1923.json", "JSON", 0, 367, 0, 0, 0, 0, 0, 0, 367
"/home/kenny/projects/resdynmed/sourcedata/dailysunset/1924.json", "JSON", 0, 368, 0, 0, 0, 0, 0, 0, 368
"/home/kenny/projects/resdynmed/sourcedata/dailysunset/1925.json", "JSON", 0, 367, 0, 0, 0, 0, 0, 0, 367
"/home/kenny/projects/resdynmed/sourcedata/dailysunset/1926.json", "JSON", 0, 367, 0, 0, 0, 0, 0, 0, 367
"/home/kenny/projects/resdynmed/sourcedata/dailysunset/1927.json", "JSON", 0, 367, 0, 0, 0, 0, 0, 0, 367
"/home/kenny/projects/resdynmed/sourcedata/dailysunset/1928.json", "JSON", 0, 368, 0, 0, 0, 0, 0, 0, 368
"/home/kenny/projects/resdynmed/sourcedata/dailysunset/1929.json", "JSON", 0, 367, 0, 0, 0, 0, 0, 0, 367
"/home/kenny/projects/resdynmed/sourcedata/dailysunset/1930.json", "JSON", 0, 367, 0, 0, 0, 0, 0, 0, 367
"/home/kenny/projects/resdynmed/sourcedata/dailysunset/1931.json", "JSON", 0, 367, 0, 0, 0, 0, 0, 0, 367
"/home/kenny/projects/resdynmed/sourcedata/dailysunset/1932.json", "JSON", 0, 368, 0, 0, 0, 0, 0, 0, 368
"/home/kenny/projects/resdynmed/sourcedata/dailysunset/1933.json", "JSON", 0, 367, 0, 0, 0, 0, 0, 0, 367
"/home/kenny/projects/resdynmed/sourcedata/dailysunset/1934.json", "JSON", 0, 367, 0, 0, 0, 0, 0, 0, 367
"/home/kenny/projects/resdynmed/sourcedata/dailysunset/1935.json", "JSON", 0, 367, 0, 0, 0, 0, 0, 0, 367
"/home/kenny/projects/resdynmed/sourcedata/dailysunset/1936.json", "JSON", 0, 368, 0, 0, 0, 0, 0, 0, 368
"/home/kenny/projects/resdynmed/sourcedata/dailysunset/1937.json", "JSON", 0, 367, 0, 0, 0, 0, 0, 0, 367
"/home/kenny/projects/resdynmed/sourcedata/dailysunset/1938.json", "JSON", 0, 367, 0, 0, 0, 0, 0, 0, 367
"/home/kenny/projects/resdynmed/sourcedata/dailysunset/1939.json", "JSON", 0, 367, 0, 0, 0, 0, 0, 0, 367
"/home/kenny/projects/resdynmed/sourcedata/dailysunset/1940.json", "JSON", 0, 368, 0, 0, 0, 0, 0, 0, 368
"/home/kenny/projects/resdynmed/sourcedata/dailysunset/1941.json", "JSON", 0, 367, 0, 0, 0, 0, 0, 0, 367
"/home/kenny/projects/resdynmed/sourcedata/dailysunset/1942.json", "JSON", 0, 367, 0, 0, 0, 0, 0, 0, 367
"/home/kenny/projects/resdynmed/sourcedata/dailysunset/1943.json", "JSON", 0, 367, 0, 0, 0, 0, 0, 0, 367
"/home/kenny/projects/resdynmed/sourcedata/dailysunset/1944.json", "JSON", 0, 368, 0, 0, 0, 0, 0, 0, 368
"/home/kenny/projects/resdynmed/sourcedata/dailysunset/1945.json", "JSON", 0, 367, 0, 0, 0, 0, 0, 0, 367
"/home/kenny/projects/resdynmed/sourcedata/dailysunset/1946.json", "JSON", 0, 367, 0, 0, 0, 0, 0, 0, 367
"/home/kenny/projects/resdynmed/sourcedata/dailysunset/1947.json", "JSON", 0, 367, 0, 0, 0, 0, 0, 0, 367
"/home/kenny/projects/resdynmed/sourcedata/dailysunset/1948.json", "JSON", 0, 368, 0, 0, 0, 0, 0, 0, 368
"/home/kenny/projects/resdynmed/sourcedata/dailysunset/1949.json", "JSON", 0, 367, 0, 0, 0, 0, 0, 0, 367
"/home/kenny/projects/resdynmed/sourcedata/dailysunset/1950.json", "JSON", 0, 367, 0, 0, 0, 0, 0, 0, 367
"/home/kenny/projects/resdynmed/sourcedata/dailysunset/1951.json", "JSON", 0, 367, 0, 0, 0, 0, 0, 0, 367
"/home/kenny/projects/resdynmed/sourcedata/dailysunset/1952.json", "JSON", 0, 368, 0, 0, 0, 0, 0, 0, 368
"/home/kenny/projects/resdynmed/sourcedata/dailysunset/1953.json", "JSON", 0, 367, 0, 0, 0, 0, 0, 0, 367
"/home/kenny/projects/resdynmed/sourcedata/dailysunset/1954.json", "JSON", 0, 367, 0, 0, 0, 0, 0, 0, 367
"/home/kenny/projects/resdynmed/sourcedata/dailysunset/1955.json", "JSON", 0, 367, 0, 0, 0, 0, 0, 0, 367
"/home/kenny/projects/resdynmed/sourcedata/dailysunset/1956.json", "JSON", 0, 368, 0, 0, 0, 0, 0, 0, 368
"/home/kenny/projects/resdynmed/sourcedata/dailysunset/1957.json", "JSON", 0, 367, 0, 0, 0, 0, 0, 0, 367
"/home/kenny/projects/resdynmed/sourcedata/dailysunset/1958.json", "JSON", 0, 367, 0, 0, 0, 0, 0, 0, 367
"/home/kenny/projects/resdynmed/sourcedata/dailysunset/1959.json", "JSON", 0, 367, 0, 0, 0, 0, 0, 0, 367
"/home/kenny/projects/resdynmed/sourcedata/dailysunset/1960.json", "JSON", 0, 368, 0, 0, 0, 0, 0, 0, 368
"/home/kenny/projects/resdynmed/sourcedata/dailysunset/1961.json", "JSON", 0, 367, 0, 0, 0, 0, 0, 0, 367
"/home/kenny/projects/resdynmed/sourcedata/dailysunset/1962.json", "JSON", 0, 367, 0, 0, 0, 0, 0, 0, 367
"/home/kenny/projects/resdynmed/sourcedata/dailysunset/1963.json", "JSON", 0, 367, 0, 0, 0, 0, 0, 0, 367
"/home/kenny/projects/resdynmed/sourcedata/dailysunset/1964.json", "JSON", 0, 368, 0, 0, 0, 0, 0, 0, 368
"/home/kenny/projects/resdynmed/sourcedata/dailysunset/1965.json", "JSON", 0, 367, 0, 0, 0, 0, 0, 0, 367
"/home/kenny/projects/resdynmed/sourcedata/dailysunset/1966.json", "JSON", 0, 367, 0, 0, 0, 0, 0, 0, 367
"/home/kenny/projects/resdynmed/sourcedata/dailysunset/1967.json", "JSON", 0, 367, 0, 0, 0, 0, 0, 0, 367
"/home/kenny/projects/resdynmed/sourcedata/dailysunset/1968.json", "JSON", 0, 368, 0, 0, 0, 0, 0, 0, 368
"/home/kenny/projects/resdynmed/sourcedata/dailysunset/1969.json", "JSON", 0, 367, 0, 0, 0, 0, 0, 0, 367
"/home/kenny/projects/resdynmed/sourcedata/dailysunset/1970.json", "JSON", 0, 367, 0, 0, 0, 0, 0, 0, 367
"/home/kenny/projects/resdynmed/sourcedata/dailysunset/1971.json", "JSON", 0, 367, 0, 0, 0, 0, 0, 0, 367
"/home/kenny/projects/resdynmed/sourcedata/dailysunset/1972.json", "JSON", 0, 368, 0, 0, 0, 0, 0, 0, 368
"/home/kenny/projects/resdynmed/sourcedata/dailysunset/1973.json", "JSON", 0, 367, 0, 0, 0, 0, 0, 0, 367
"/home/kenny/projects/resdynmed/sourcedata/dailysunset/1974.json", "JSON", 0, 367, 0, 0, 0, 0, 0, 0, 367
"/home/kenny/projects/resdynmed/sourcedata/dailysunset/1975.json", "JSON", 0, 367, 0, 0, 0, 0, 0, 0, 367
"/home/kenny/projects/resdynmed/sourcedata/dailysunset/1976.json", "JSON", 0, 368, 0, 0, 0, 0, 0, 0, 368
"/home/kenny/projects/resdynmed/sourcedata/dailysunset/1977.json", "JSON", 0, 367, 0, 0, 0, 0, 0, 0, 367
"/home/kenny/projects/resdynmed/sourcedata/dailysunset/1978.json", "JSON", 0, 367, 0, 0, 0, 0, 0, 0, 367
"/home/kenny/projects/resdynmed/sourcedata/dailysunset/1979.json", "JSON", 0, 367, 0, 0, 0, 0, 0, 0, 367
"/home/kenny/projects/resdynmed/sourcedata/dailysunset/1980.json", "JSON", 0, 368, 0, 0, 0, 0, 0, 0, 368
"/home/kenny/projects/resdynmed/sourcedata/dailysunset/1981.json", "JSON", 0, 367, 0, 0, 0, 0, 0, 0, 367
"/home/kenny/projects/resdynmed/sourcedata/dailysunset/1982.json", "JSON", 0, 367, 0, 0, 0, 0, 0, 0, 367
"/home/kenny/projects/resdynmed/sourcedata/dailysunset/1983.json", "JSON", 0, 367, 0, 0, 0, 0, 0, 0, 367
"/home/kenny/projects/resdynmed/sourcedata/dailysunset/1984.json", "JSON", 0, 368, 0, 0, 0, 0, 0, 0, 368
"/home/kenny/projects/resdynmed/sourcedata/dailysunset/1985.json", "JSON", 0, 367, 0, 0, 0, 0, 0, 0, 367
"/home/kenny/projects/resdynmed/sourcedata/dailysunset/1986.json", "JSON", 0, 367, 0, 0, 0, 0, 0, 0, 367
"/home/kenny/projects/resdynmed/sourcedata/dailysunset/1987.json", "JSON", 0, 367, 0, 0, 0, 0, 0, 0, 367
"/home/kenny/projects/resdynmed/sourcedata/dailysunset/1988.json", "JSON", 0, 368, 0, 0, 0, 0, 0, 0, 368
"/home/kenny/projects/resdynmed/sourcedata/dailysunset/1989.json", "JSON", 0, 367, 0, 0, 0, 0, 0, 0, 367
"/home/kenny/projects/resdynmed/sourcedata/dailysunset/1990.json", "JSON", 0, 367, 0, 0, 0, 0, 0, 0, 367
"/home/kenny/projects/resdynmed/sourcedata/dailysunset/1991.json", "JSON", 0, 367, 0, 0, 0, 0, 0, 0, 367
"/home/kenny/projects/resdynmed/sourcedata/dailysunset/1992.json", "JSON", 0, 368, 0, 0, 0, 0, 0, 0, 368
"/home/kenny/projects/resdynmed/sourcedata/dailysunset/1993.json", "JSON", 0, 367, 0, 0, 0, 0, 0, 0, 367
"/home/kenny/projects/resdynmed/sourcedata/dailysunset/1994.json", "JSON", 0, 367, 0, 0, 0, 0, 0, 0, 367
"/home/kenny/projects/resdynmed/sourcedata/dailysunset/1995.json", "JSON", 0, 367, 0, 0, 0, 0, 0, 0, 367
"/home/kenny/projects/resdynmed/sourcedata/dailysunset/1996.json", "JSON", 0, 368, 0, 0, 0, 0, 0, 0, 368
"/home/kenny/projects/resdynmed/sourcedata/dailysunset/1997.json", "JSON", 0, 367, 0, 0, 0, 0, 0, 0, 367
"/home/kenny/projects/resdynmed/sourcedata/dailysunset/1998.json", "JSON", 0, 367, 0, 0, 0, 0, 0, 0, 367
"/home/kenny/projects/resdynmed/sourcedata/dailysunset/1999.json", "JSON", 0, 367, 0, 0, 0, 0, 0, 0, 367
"/home/kenny/projects/resdynmed/sourcedata/dailysunset/2000.json", "JSON", 0, 368, 0, 0, 0, 0, 0, 0, 368
"/home/kenny/projects/resdynmed/sourcedata/dailysunset/2001.json", "JSON", 0, 367, 0, 0, 0, 0, 0, 0, 367
"/home/kenny/projects/resdynmed/sourcedata/dailysunset/2002.json", "JSON", 0, 367, 0, 0, 0, 0, 0, 0, 367
"/home/kenny/projects/resdynmed/sourcedata/dailysunset/2003.json", "JSON", 0, 367, 0, 0, 0, 0, 0, 0, 367
"/home/kenny/projects/resdynmed/sourcedata/dailysunset/2004.json", "JSON", 0, 368, 0, 0, 0, 0, 0, 0, 368
"/home/kenny/projects/resdynmed/sourcedata/dailysunset/2005.json", "JSON", 0, 367, 0, 0, 0, 0, 0, 0, 367
"/home/kenny/projects/resdynmed/sourcedata/dailysunset/2006.json", "JSON", 0, 367, 0, 0, 0, 0, 0, 0, 367
"/home/kenny/projects/resdynmed/sourcedata/dailysunset/2007.json", "JSON", 0, 367, 0, 0, 0, 0, 0, 0, 367
"/home/kenny/projects/resdynmed/sourcedata/dailysunset/2008.json", "JSON", 0, 368, 0, 0, 0, 0, 0, 0, 368
"/home/kenny/projects/resdynmed/sourcedata/dailysunset/2009.json", "JSON", 0, 367, 0, 0, 0, 0, 0, 0, 367
"/home/kenny/projects/resdynmed/sourcedata/dailysunset/2010.json", "JSON", 0, 367, 0, 0, 0, 0, 0, 0, 367
"/home/kenny/projects/resdynmed/sourcedata/dailysunset/2011.json", "JSON", 0, 367, 0, 0, 0, 0, 0, 0, 367
"/home/kenny/projects/resdynmed/sourcedata/dailysunset/2012.json", "JSON", 0, 368, 0, 0, 0, 0, 0, 0, 368
"/home/kenny/projects/resdynmed/sourcedata/dailysunset/2013.json", "JSON", 0, 367, 0, 0, 0, 0, 0, 0, 367
"/home/kenny/projects/resdynmed/sourcedata/dailysunset/2014.json", "JSON", 0, 367, 0, 0, 0, 0, 0, 0, 367
"/home/kenny/projects/resdynmed/sourcedata/dailysunset/2015.json", "JSON", 0, 367, 0, 0, 0, 0, 0, 0, 367
"/home/kenny/projects/resdynmed/sourcedata/dailysunset/2016.json", "JSON", 0, 368, 0, 0, 0, 0, 0, 0, 368
"/home/kenny/projects/resdynmed/sourcedata/dailysunset/2017.json", "JSON", 0, 367, 0, 0, 0, 0, 0, 0, 367
"/home/kenny/projects/resdynmed/sourcedata/dailysunset/2018.json", "JSON", 0, 367, 0, 0, 0, 0, 0, 0, 367
"/home/kenny/projects/resdynmed/sourcedata/dailysunset/2019.json", "JSON", 0, 367, 0, 0, 0, 0, 0, 0, 367
"/home/kenny/projects/resdynmed/sourcedata/dailysunset/2020.json", "JSON", 0, 368, 0, 0, 0, 0, 0, 0, 368
"/home/kenny/projects/resdynmed/sourcedata/dailysunset/2021.json", "JSON", 0, 367, 0, 0, 0, 0, 0, 0, 367
"/home/kenny/projects/resdynmed/sourcedata/dailysunset/2022.json", "JSON", 0, 367, 0, 0, 0, 0, 0, 0, 367
"/home/kenny/projects/resdynmed/sourcedata/dailysunset/2023.json", "JSON", 0, 367, 0, 0, 0, 0, 0, 0, 367
"/home/kenny/projects/resdynmed/sourcedata/dailysunset/2024.json", "JSON", 0, 368, 0, 0, 0, 0, 0, 0, 368
"/home/kenny/projects/resdynmed/sourcedata/dailysunset/2025.json", "JSON", 0, 367, 0, 0, 0, 0, 0, 0, 367
"/home/kenny/projects/resdynmed/sourcedata/dailysunset/2026.json", "JSON", 0, 367, 0, 0, 0, 0, 0, 0, 367
"/home/kenny/projects/resdynmed/sourcedata/dailysunset/2027.json", "JSON", 0, 367, 0, 0, 0, 0, 0, 0, 367
"/home/kenny/projects/resdynmed/sourcedata/dailysunset/2028.json", "JSON", 0, 368, 0, 0, 0, 0, 0, 0, 368
"/home/kenny/projects/resdynmed/sourcedata/dailysunset/2029.json", "JSON", 0, 367, 0, 0, 0, 0, 0, 0, 367
"/home/kenny/projects/resdynmed/sourcedata/dailysunset/2030.json", "JSON", 0, 367, 0, 0, 0, 0, 0, 0, 367
"/home/kenny/projects/resdynmed/sourcedata/dailysunset/2031.json", "JSON", 0, 367, 0, 0, 0, 0, 0, 0, 367
"/home/kenny/projects/resdynmed/sourcedata/dailysunset/2032.json", "JSON", 0, 368, 0, 0, 0, 0, 0, 0, 368
"/home/kenny/projects/resdynmed/sourcedata/dailysunset/2033.json", "JSON", 0, 367, 0, 0, 0, 0, 0, 0, 367
"/home/kenny/projects/resdynmed/sourcedata/dailysunset/2034.json", "JSON", 0, 367, 0, 0, 0, 0, 0, 0, 367
"/home/kenny/projects/resdynmed/sourcedata/dailysunset/2035.json", "JSON", 0, 367, 0, 0, 0, 0, 0, 0, 367
"/home/kenny/projects/resdynmed/sourcedata/dailysunset/2036.json", "JSON", 0, 368, 0, 0, 0, 0, 0, 0, 368
"/home/kenny/projects/resdynmed/sourcedata/dailysunset/2037.json", "JSON", 0, 367, 0, 0, 0, 0, 0, 0, 367
"/home/kenny/projects/resdynmed/sourcedata/dailysunset/2038.json", "JSON", 0, 367, 0, 0, 0, 0, 0, 0, 367
"/home/kenny/projects/resdynmed/sourcedata/dailysunset/2039.json", "JSON", 0, 367, 0, 0, 0, 0, 0, 0, 367
"/home/kenny/projects/resdynmed/sourcedata/dailysunset/2040.json", "JSON", 0, 368, 0, 0, 0, 0, 0, 0, 368
"/home/kenny/projects/resdynmed/sourcedata/dailysunset/2041.json", "JSON", 0, 367, 0, 0, 0, 0, 0, 0, 367
"/home/kenny/projects/resdynmed/sourcedata/dailysunset/2042.json", "JSON", 0, 367, 0, 0, 0, 0, 0, 0, 367
"/home/kenny/projects/resdynmed/sourcedata/dailysunset/2043.json", "JSON", 0, 367, 0, 0, 0, 0, 0, 0, 367
"/home/kenny/projects/resdynmed/sourcedata/dailysunset/2044.json", "JSON", 0, 368, 0, 0, 0, 0, 0, 0, 368
"/home/kenny/projects/resdynmed/sourcedata/dailysunset/2045.json", "JSON", 0, 367, 0, 0, 0, 0, 0, 0, 367
"/home/kenny/projects/resdynmed/sourcedata/dailysunset/2046.json", "JSON", 0, 367, 0, 0, 0, 0, 0, 0, 367
"/home/kenny/projects/resdynmed/sourcedata/dailysunset/2047.json", "JSON", 0, 367, 0, 0, 0, 0, 0, 0, 367
"/home/kenny/projects/resdynmed/sourcedata/dailysunset/2048.json", "JSON", 0, 368, 0, 0, 0, 0, 0, 0, 368
"/home/kenny/projects/resdynmed/sourcedata/dailysunset/2049.json", "JSON", 0, 367, 0, 0, 0, 0, 0, 0, 367
"/home/kenny/projects/resdynmed/sourcedata/dailysunset/2050.json", "JSON", 0, 367, 0, 0, 0, 0, 0, 0, 367
"/home/kenny/projects/resdynmed/sourcedata/dailysunset/2051.json", "JSON", 0, 367, 0, 0, 0, 0, 0, 0, 367
"/home/kenny/projects/resdynmed/sourcedata/dailysunset/2052.json", "JSON", 0, 368, 0, 0, 0, 0, 0, 0, 368
"/home/kenny/projects/resdynmed/sourcedata/dailysunset/2053.json", "JSON", 0, 367, 0, 0, 0, 0, 0, 0, 367
"/home/kenny/projects/resdynmed/sourcedata/dailysunset/2054.json", "JSON", 0, 367, 0, 0, 0, 0, 0, 0, 367
"/home/kenny/projects/resdynmed/sourcedata/dailysunset/2055.json", "JSON", 0, 367, 0, 0, 0, 0, 0, 0, 367
"/home/kenny/projects/resdynmed/sourcedata/dailysunset/2056.json", "JSON", 0, 368, 0, 0, 0, 0, 0, 0, 368
"/home/kenny/projects/resdynmed/sourcedata/dailysunset/2057.json", "JSON", 0, 367, 0, 0, 0, 0, 0, 0, 367
"/home/kenny/projects/resdynmed/sourcedata/dailysunset/2058.json", "JSON", 0, 367, 0, 0, 0, 0, 0, 0, 367
"/home/kenny/projects/resdynmed/sourcedata/dailysunset/2059.json", "JSON", 0, 367, 0, 0, 0, 0, 0, 0, 367
"/home/kenny/projects/resdynmed/sourcedata/dailysunset/2060.json", "JSON", 0, 368, 0, 0, 0, 0, 0, 0, 368
"/home/kenny/projects/resdynmed/sourcedata/dailysunset/2061.json", "JSON", 0, 367, 0, 0, 0, 0, 0, 0, 367
"/home/kenny/projects/resdynmed/sourcedata/dailysunset/2062.json", "JSON", 0, 367, 0, 0, 0, 0, 0, 0, 367
"/home/kenny/projects/resdynmed/sourcedata/dailysunset/2063.json", "JSON", 0, 367, 0, 0, 0, 0, 0, 0, 367
"/home/kenny/projects/resdynmed/sourcedata/dailysunset/2064.json", "JSON", 0, 368, 0, 0, 0, 0, 0, 0, 368
"/home/kenny/projects/resdynmed/sourcedata/dailysunset/2065.json", "JSON", 0, 367, 0, 0, 0, 0, 0, 0, 367
"/home/kenny/projects/resdynmed/sourcedata/dailysunset/2066.json", "JSON", 0, 367, 0, 0, 0, 0, 0, 0, 367
"/home/kenny/projects/resdynmed/sourcedata/dailysunset/2067.json", "JSON", 0, 367, 0, 0, 0, 0, 0, 0, 367
"/home/kenny/projects/resdynmed/sourcedata/dailysunset/2068.json", "JSON", 0, 368, 0, 0, 0, 0, 0, 0, 368
"/home/kenny/projects/resdynmed/sourcedata/dailysunset/2069.json", "JSON", 0, 367, 0, 0, 0, 0, 0, 0, 367
"/home/kenny/projects/resdynmed/sourcedata/dailysunset/2070.json", "JSON", 0, 367, 0, 0, 0, 0, 0, 0, 367
"/home/kenny/projects/resdynmed/sourcedata/dailysunset/2071.json", "JSON", 0, 367, 0, 0, 0, 0, 0, 0, 367
"/home/kenny/projects/resdynmed/sourcedata/dailysunset/2072.json", "JSON", 0, 368, 0, 0, 0, 0, 0, 0, 368
"/home/kenny/projects/resdynmed/sourcedata/dailysunset/2073.json", "JSON", 0, 367, 0, 0, 0, 0, 0, 0, 367
"/home/kenny/projects/resdynmed/sourcedata/dailysunset/2074.json", "JSON", 0, 367, 0, 0, 0, 0, 0, 0, 367
"/home/kenny/projects/resdynmed/sourcedata/dailysunset/2075.json", "JSON", 0, 367, 0, 0, 0, 0, 0, 0, 367
"/home/kenny/projects/resdynmed/sourcedata/dailysunset/2076.json", "JSON", 0, 368, 0, 0, 0, 0, 0, 0, 368
"/home/kenny/projects/resdynmed/sourcedata/dailysunset/2077.json", "JSON", 0, 367, 0, 0, 0, 0, 0, 0, 367
"/home/kenny/projects/resdynmed/sourcedata/dailysunset/2078.json", "JSON", 0, 367, 0, 0, 0, 0, 0, 0, 367
"/home/kenny/projects/resdynmed/sourcedata/dailysunset/2079.json", "JSON", 0, 367, 0, 0, 0, 0, 0, 0, 367
"/home/kenny/projects/resdynmed/sourcedata/dailysunset/2080.json", "JSON", 0, 368, 0, 0, 0, 0, 0, 0, 368
"/home/kenny/projects/resdynmed/sourcedata/dailysunset/2081.json", "JSON", 0, 367, 0, 0, 0, 0, 0, 0, 367
"/home/kenny/projects/resdynmed/sourcedata/dailysunset/2082.json", "JSON", 0, 367, 0, 0, 0, 0, 0, 0, 367
"/home/kenny/projects/resdynmed/sourcedata/dailysunset/2083.json", "JSON", 0, 367, 0, 0, 0, 0, 0, 0, 367
"/home/kenny/projects/resdynmed/sourcedata/dailysunset/2084.json", "JSON", 0, 368, 0, 0, 0, 0, 0, 0, 368
"/home/kenny/projects/resdynmed/sourcedata/dailysunset/2085.json", "JSON", 0, 367, 0, 0, 0, 0, 0, 0, 367
"/home/kenny/projects/resdynmed/sourcedata/dailysunset/2086.json", "JSON", 0, 367, 0, 0, 0, 0, 0, 0, 367
"/home/kenny/projects/resdynmed/sourcedata/dailysunset/2087.json", "JSON", 0, 367, 0, 0, 0, 0, 0, 0, 367
"/home/kenny/projects/resdynmed/sourcedata/dailysunset/2088.json", "JSON", 0, 368, 0, 0, 0, 0, 0, 0, 368
"/home/kenny/projects/resdynmed/sourcedata/dailysunset/2089.json", "JSON", 0, 367, 0, 0, 0, 0, 0, 0, 367
"/home/kenny/projects/resdynmed/sourcedata/dailysunset/2090.json", "JSON", 0, 367, 0, 0, 0, 0, 0, 0, 367
"/home/kenny/projects/resdynmed/sourcedata/dailysunset/2091.json", "JSON", 0, 367, 0, 0, 0, 0, 0, 0, 367
"/home/kenny/projects/resdynmed/sourcedata/dailysunset/2092.json", "JSON", 0, 368, 0, 0, 0, 0, 0, 0, 368
"/home/kenny/projects/resdynmed/sourcedata/dailysunset/2093.json", "JSON", 0, 367, 0, 0, 0, 0, 0, 0, 367
"/home/kenny/projects/resdynmed/sourcedata/dailysunset/2094.json", "JSON", 0, 367, 0, 0, 0, 0, 0, 0, 367
"/home/kenny/projects/resdynmed/sourcedata/dailysunset/2095.json", "JSON", 0, 367, 0, 0, 0, 0, 0, 0, 367
"/home/kenny/projects/resdynmed/sourcedata/dailysunset/2096.json", "JSON", 0, 368, 0, 0, 0, 0, 0, 0, 368
"/home/kenny/projects/resdynmed/sourcedata/dailysunset/2097.json", "JSON", 0, 367, 0, 0, 0, 0, 0, 0, 367
"/home/kenny/projects/resdynmed/sourcedata/dailysunset/2098.json", "JSON", 0, 367, 0, 0, 0, 0, 0, 0, 367
"/home/kenny/projects/resdynmed/sourcedata/dailysunset/2099.json", "JSON", 0, 367, 0, 0, 0, 0, 0, 0, 367
"/home/kenny/projects/resdynmed/sourcedata/dailysunset/2100.json", "JSON", 0, 367, 0, 0, 0, 0, 0, 0, 367
"/home/kenny/projects/resdynmed/sourcedata/lunarphase/1900.json", "JSON", 0, 261, 0, 0, 0, 0, 0, 0, 261
"/home/kenny/projects/resdynmed/sourcedata/lunarphase/1901.json", "JSON", 0, 1, 0, 0, 0, 0, 0, 0, 1
"/home/kenny/projects/resdynmed/sourcedata/lunarphase/1902.json", "JSON", 0, 1, 0, 0, 0, 0, 0, 0, 1
"/home/kenny/projects/resdynmed/sourcedata/lunarphase/1903.json", "JSON", 0, 1, 0, 0, 0, 0, 0, 0, 1
"/home/kenny/projects/resdynmed/sourcedata/lunarphase/1904.json", "JSON", 0, 1, 0, 0, 0, 0, 0, 0, 1
"/home/kenny/projects/resdynmed/sourcedata/lunarphase/1905.json", "JSON", 0, 1, 0, 0, 0, 0, 0, 0, 1
"/home/kenny/projects/resdynmed/sourcedata/lunarphase/1906.json", "JSON", 0, 1, 0, 0, 0, 0, 0, 0, 1
"/home/kenny/projects/resdynmed/sourcedata/lunarphase/1907.json", "JSON", 0, 1, 0, 0, 0, 0, 0, 0, 1
"/home/kenny/projects/resdynmed/sourcedata/lunarphase/1908.json", "JSON", 0, 1, 0, 0, 0, 0, 0, 0, 1
"/home/kenny/projects/resdynmed/sourcedata/lunarphase/1909.json", "JSON", 0, 1, 0, 0, 0, 0, 0, 0, 1
"/home/kenny/projects/resdynmed/sourcedata/lunarphase/1910.json", "JSON", 0, 1, 0, 0, 0, 0, 0, 0, 1
"/home/kenny/projects/resdynmed/sourcedata/lunarphase/1911.json", "JSON", 0, 1, 0, 0, 0, 0, 0, 0, 1
"/home/kenny/projects/resdynmed/sourcedata/lunarphase/1912.json", "JSON", 0, 1, 0, 0, 0, 0, 0, 0, 1
"/home/kenny/projects/resdynmed/sourcedata/lunarphase/1913.json", "JSON", 0, 1, 0, 0, 0, 0, 0, 0, 1
"/home/kenny/projects/resdynmed/sourcedata/lunarphase/1914.json", "JSON", 0, 1, 0, 0, 0, 0, 0, 0, 1
"/home/kenny/projects/resdynmed/sourcedata/lunarphase/1915.json", "JSON", 0, 268, 0, 0, 0, 0, 0, 0, 268
"/home/kenny/projects/resdynmed/sourcedata/lunarphase/1916.json", "JSON", 0, 1, 0, 0, 0, 0, 0, 0, 1
"/home/kenny/projects/resdynmed/sourcedata/lunarphase/1917.json", "JSON", 0, 1, 0, 0, 0, 0, 0, 0, 1
"/home/kenny/projects/resdynmed/sourcedata/lunarphase/1918.json", "JSON", 0, 1, 0, 0, 0, 0, 0, 0, 1
"/home/kenny/projects/resdynmed/sourcedata/lunarphase/1919.json", "JSON", 0, 1, 0, 0, 0, 0, 0, 0, 1
"/home/kenny/projects/resdynmed/sourcedata/lunarphase/1920.json", "JSON", 0, 1, 0, 0, 0, 0, 0, 0, 1
"/home/kenny/projects/resdynmed/sourcedata/lunarphase/1921.json", "JSON", 0, 1, 0, 0, 0, 0, 0, 0, 1
"/home/kenny/projects/resdynmed/sourcedata/lunarphase/1922.json", "JSON", 0, 1, 0, 0, 0, 0, 0, 0, 1
"/home/kenny/projects/resdynmed/sourcedata/lunarphase/1923.json", "JSON", 0, 1, 0, 0, 0, 0, 0, 0, 1
"/home/kenny/projects/resdynmed/sourcedata/lunarphase/1924.json", "JSON", 0, 1, 0, 0, 0, 0, 0, 0, 1
"/home/kenny/projects/resdynmed/sourcedata/lunarphase/1925.json", "JSON", 0, 1, 0, 0, 0, 0, 0, 0, 1
"/home/kenny/projects/resdynmed/sourcedata/lunarphase/1926.json", "JSON", 0, 1, 0, 0, 0, 0, 0, 0, 1
"/home/kenny/projects/resdynmed/sourcedata/lunarphase/1927.json", "JSON", 0, 1, 0, 0, 0, 0, 0, 0, 1
"/home/kenny/projects/resdynmed/sourcedata/lunarphase/1928.json", "JSON", 0, 1, 0, 0, 0, 0, 0, 0, 1
"/home/kenny/projects/resdynmed/sourcedata/lunarphase/1929.json", "JSON", 0, 1, 0, 0, 0, 0, 0, 0, 1
"/home/kenny/projects/resdynmed/sourcedata/lunarphase/1930.json", "JSON", 0, 1, 0, 0, 0, 0, 0, 0, 1
"/home/kenny/projects/resdynmed/sourcedata/lunarphase/1931.json", "JSON", 0, 1, 0, 0, 0, 0, 0, 0, 1
"/home/kenny/projects/resdynmed/sourcedata/lunarphase/1932.json", "JSON", 0, 1, 0, 0, 0, 0, 0, 0, 1
"/home/kenny/projects/resdynmed/sourcedata/lunarphase/1933.json", "JSON", 0, 1, 0, 0, 0, 0, 0, 0, 1
"/home/kenny/projects/resdynmed/sourcedata/lunarphase/1934.json", "JSON", 0, 1, 0, 0, 0, 0, 0, 0, 1
"/home/kenny/projects/resdynmed/sourcedata/lunarphase/1935.json", "JSON", 0, 1, 0, 0, 0, 0, 0, 0, 1
"/home/kenny/projects/resdynmed/sourcedata/lunarphase/1936.json", "JSON", 0, 1, 0, 0, 0, 0, 0, 0, 1
"/home/kenny/projects/resdynmed/sourcedata/lunarphase/1937.json", "JSON", 0, 1, 0, 0, 0, 0, 0, 0, 1
"/home/kenny/projects/resdynmed/sourcedata/lunarphase/1938.json", "JSON", 0, 1, 0, 0, 0, 0, 0, 0, 1
"/home/kenny/projects/resdynmed/sourcedata/lunarphase/1939.json", "JSON", 0, 1, 0, 0, 0, 0, 0, 0, 1
"/home/kenny/projects/resdynmed/sourcedata/lunarphase/1940.json", "JSON", 0, 1, 0, 0, 0, 0, 0, 0, 1
"/home/kenny/projects/resdynmed/sourcedata/lunarphase/1941.json", "JSON", 0, 1, 0, 0, 0, 0, 0, 0, 1
"/home/kenny/projects/resdynmed/sourcedata/lunarphase/1942.json", "JSON", 0, 1, 0, 0, 0, 0, 0, 0, 1
"/home/kenny/projects/resdynmed/sourcedata/lunarphase/1943.json", "JSON", 0, 1, 0, 0, 0, 0, 0, 0, 1
"/home/kenny/projects/resdynmed/sourcedata/lunarphase/1944.json", "JSON", 0, 1, 0, 0, 0, 0, 0, 0, 1
"/home/kenny/projects/resdynmed/sourcedata/lunarphase/1945.json", "JSON", 0, 1, 0, 0, 0, 0, 0, 0, 1
"/home/kenny/projects/resdynmed/sourcedata/lunarphase/1946.json", "JSON", 0, 1, 0, 0, 0, 0, 0, 0, 1
"/home/kenny/projects/resdynmed/sourcedata/lunarphase/1947.json", "JSON", 0, 1, 0, 0, 0, 0, 0, 0, 1
"/home/kenny/projects/resdynmed/sourcedata/lunarphase/1948.json", "JSON", 0, 1, 0, 0, 0, 0, 0, 0, 1
"/home/kenny/projects/resdynmed/sourcedata/lunarphase/1949.json", "JSON", 0, 1, 0, 0, 0, 0, 0, 0, 1
"/home/kenny/projects/resdynmed/sourcedata/lunarphase/1950.json", "JSON", 0, 1, 0, 0, 0, 0, 0, 0, 1
"/home/kenny/projects/resdynmed/sourcedata/lunarphase/1951.json", "JSON", 0, 1, 0, 0, 0, 0, 0, 0, 1
"/home/kenny/projects/resdynmed/sourcedata/lunarphase/1952.json", "JSON", 0, 1, 0, 0, 0, 0, 0, 0, 1
"/home/kenny/projects/resdynmed/sourcedata/lunarphase/1953.json", "JSON", 0, 1, 0, 0, 0, 0, 0, 0, 1
"/home/kenny/projects/resdynmed/sourcedata/lunarphase/1954.json", "JSON", 0, 1, 0, 0, 0, 0, 0, 0, 1
"/home/kenny/projects/resdynmed/sourcedata/lunarphase/1955.json", "JSON", 0, 1, 0, 0, 0, 0, 0, 0, 1
"/home/kenny/projects/resdynmed/sourcedata/lunarphase/1956.json", "JSON", 0, 1, 0, 0, 0, 0, 0, 0, 1
"/home/kenny/projects/resdynmed/sourcedata/lunarphase/1957.json", "JSON", 0, 1, 0, 0, 0, 0, 0, 0, 1
"/home/kenny/projects/resdynmed/sourcedata/lunarphase/1958.json", "JSON", 0, 1, 0, 0, 0, 0, 0, 0, 1
"/home/kenny/projects/resdynmed/sourcedata/lunarphase/1959.json", "JSON", 0, 1, 0, 0, 0, 0, 0, 0, 1
"/home/kenny/projects/resdynmed/sourcedata/lunarphase/1960.json", "JSON", 0, 1, 0, 0, 0, 0, 0, 0, 1
"/home/kenny/projects/resdynmed/sourcedata/lunarphase/1961.json", "JSON", 0, 1, 0, 0, 0, 0, 0, 0, 1
"/home/kenny/projects/resdynmed/sourcedata/lunarphase/1962.json", "JSON", 0, 1, 0, 0, 0, 0, 0, 0, 1
"/home/kenny/projects/resdynmed/sourcedata/lunarphase/1963.json", "JSON", 0, 1, 0, 0, 0, 0, 0, 0, 1
"/home/kenny/projects/resdynmed/sourcedata/lunarphase/1964.json", "JSON", 0, 1, 0, 0, 0, 0, 0, 0, 1
"/home/kenny/projects/resdynmed/sourcedata/lunarphase/1965.json", "JSON", 0, 1, 0, 0, 0, 0, 0, 0, 1
"/home/kenny/projects/resdynmed/sourcedata/lunarphase/1966.json", "JSON", 0, 1, 0, 0, 0, 0, 0, 0, 1
"/home/kenny/projects/resdynmed/sourcedata/lunarphase/1967.json", "JSON", 0, 1, 0, 0, 0, 0, 0, 0, 1
"/home/kenny/projects/resdynmed/sourcedata/lunarphase/1968.json", "JSON", 0, 1, 0, 0, 0, 0, 0, 0, 1
"/home/kenny/projects/resdynmed/sourcedata/lunarphase/1969.json", "JSON", 0, 1, 0, 0, 0, 0, 0, 0, 1
"/home/kenny/projects/resdynmed/sourcedata/lunarphase/1970.json", "JSON", 0, 1, 0, 0, 0, 0, 0, 0, 1
"/home/kenny/projects/resdynmed/sourcedata/lunarphase/1971.json", "JSON", 0, 1, 0, 0, 0, 0, 0, 0, 1
"/home/kenny/projects/resdynmed/sourcedata/lunarphase/1972.json", "JSON", 0, 1, 0, 0, 0, 0, 0, 0, 1
"/home/kenny/projects/resdynmed/sourcedata/lunarphase/1973.json", "JSON", 0, 1, 0, 0, 0, 0, 0, 0, 1
"/home/kenny/projects/resdynmed/sourcedata/lunarphase/1974.json", "JSON", 0, 1, 0, 0, 0, 0, 0, 0, 1
"/home/kenny/projects/resdynmed/sourcedata/lunarphase/1975.json", "JSON", 0, 1, 0, 0, 0, 0, 0, 0, 1
"/home/kenny/projects/resdynmed/sourcedata/lunarphase/1976.json", "JSON", 0, 1, 0, 0, 0, 0, 0, 0, 1
"/home/kenny/projects/resdynmed/sourcedata/lunarphase/1977.json", "JSON", 0, 1, 0, 0, 0, 0, 0, 0, 1
"/home/kenny/projects/resdynmed/sourcedata/lunarphase/1978.json", "JSON", 0, 1, 0, 0, 0, 0, 0, 0, 1
"/home/kenny/projects/resdynmed/sourcedata/lunarphase/1979.json", "JSON", 0, 1, 0, 0, 0, 0, 0, 0, 1
"/home/kenny/projects/resdynmed/sourcedata/lunarphase/1980.json", "JSON", 0, 1, 0, 0, 0, 0, 0, 0, 1
"/home/kenny/projects/resdynmed/sourcedata/lunarphase/1981.json", "JSON", 0, 1, 0, 0, 0, 0, 0, 0, 1
"/home/kenny/projects/resdynmed/sourcedata/lunarphase/1982.json", "JSON", 0, 1, 0, 0, 0, 0, 0, 0, 1
"/home/kenny/projects/resdynmed/sourcedata/lunarphase/1983.json", "JSON", 0, 1, 0, 0, 0, 0, 0, 0, 1
"/home/kenny/projects/resdynmed/sourcedata/lunarphase/1984.json", "JSON", 0, 1, 0, 0, 0, 0, 0, 0, 1
"/home/kenny/projects/resdynmed/sourcedata/lunarphase/1985.json", "JSON", 0, 1, 0, 0, 0, 0, 0, 0, 1
"/home/kenny/projects/resdynmed/sourcedata/lunarphase/1986.json", "JSON", 0, 1, 0, 0, 0, 0, 0, 0, 1
"/home/kenny/projects/resdynmed/sourcedata/lunarphase/1987.json", "JSON", 0, 1, 0, 0, 0, 0, 0, 0, 1
"/home/kenny/projects/resdynmed/sourcedata/lunarphase/1988.json", "JSON", 0, 1, 0, 0, 0, 0, 0, 0, 1
"/home/kenny/projects/resdynmed/sourcedata/lunarphase/1989.json", "JSON", 0, 1, 0, 0, 0, 0, 0, 0, 1
"/home/kenny/projects/resdynmed/sourcedata/lunarphase/1990.json", "JSON", 0, 1, 0, 0, 0, 0, 0, 0, 1
"/home/kenny/projects/resdynmed/sourcedata/lunarphase/1991.json", "JSON", 0, 1, 0, 0, 0, 0, 0, 0, 1
"/home/kenny/projects/resdynmed/sourcedata/lunarphase/1992.json", "JSON", 0, 1, 0, 0, 0, 0, 0, 0, 1
"/home/kenny/projects/resdynmed/sourcedata/lunarphase/1993.json", "JSON", 0, 1, 0, 0, 0, 0, 0, 0, 1
"/home/kenny/projects/resdynmed/sourcedata/lunarphase/1994.json", "JSON", 0, 1, 0, 0, 0, 0, 0, 0, 1
"/home/kenny/projects/resdynmed/sourcedata/lunarphase/1995.json", "JSON", 0, 1, 0, 0, 0, 0, 0, 0, 1
"/home/kenny/projects/resdynmed/sourcedata/lunarphase/1996.json", "JSON", 0, 1, 0, 0, 0, 0, 0, 0, 1
"/home/kenny/projects/resdynmed/sourcedata/lunarphase/1997.json", "JSON", 0, 1, 0, 0, 0, 0, 0, 0, 1
"/home/kenny/projects/resdynmed/sourcedata/lunarphase/1998.json", "JSON", 0, 1, 0, 0, 0, 0, 0, 0, 1
"/home/kenny/projects/resdynmed/sourcedata/lunarphase/1999.json", "JSON", 0, 1, 0, 0, 0, 0, 0, 0, 1
"/home/kenny/projects/resdynmed/sourcedata/lunarphase/2000.json", "JSON", 0, 1, 0, 0, 0, 0, 0, 0, 1
"/home/kenny/projects/resdynmed/sourcedata/lunarphase/2001.json", "JSON", 0, 1, 0, 0, 0, 0, 0, 0, 1
"/home/kenny/projects/resdynmed/sourcedata/lunarphase/2002.json", "JSON", 0, 1, 0, 0, 0, 0, 0, 0, 1
"/home/kenny/projects/resdynmed/sourcedata/lunarphase/2003.json", "JSON", 0, 1, 0, 0, 0, 0, 0, 0, 1
"/home/kenny/projects/resdynmed/sourcedata/lunarphase/2004.json", "JSON", 0, 1, 0, 0, 0, 0, 0, 0, 1
"/home/kenny/projects/resdynmed/sourcedata/lunarphase/2005.json", "JSON", 0, 1, 0, 0, 0, 0, 0, 0, 1
"/home/kenny/projects/resdynmed/sourcedata/lunarphase/2006.json", "JSON", 0, 1, 0, 0, 0, 0, 0, 0, 1
"/home/kenny/projects/resdynmed/sourcedata/lunarphase/2007.json", "JSON", 0, 1, 0, 0, 0, 0, 0, 0, 1
"/home/kenny/projects/resdynmed/sourcedata/lunarphase/2008.json", "JSON", 0, 1, 0, 0, 0, 0, 0, 0, 1
"/home/kenny/projects/resdynmed/sourcedata/lunarphase/2009.json", "JSON", 0, 1, 0, 0, 0, 0, 0, 0, 1
"/home/kenny/projects/resdynmed/sourcedata/lunarphase/2010.json", "JSON", 0, 1, 0, 0, 0, 0, 0, 0, 1
"/home/kenny/projects/resdynmed/sourcedata/lunarphase/2011.json", "JSON", 0, 1, 0, 0, 0, 0, 0, 0, 1
"/home/kenny/projects/resdynmed/sourcedata/lunarphase/2012.json", "JSON", 0, 1, 0, 0, 0, 0, 0, 0, 1
"/home/kenny/projects/resdynmed/sourcedata/lunarphase/2013.json", "JSON", 0, 1, 0, 0, 0, 0, 0, 0, 1
"/home/kenny/projects/resdynmed/sourcedata/lunarphase/2014.json", "JSON", 0, 1, 0, 0, 0, 0, 0, 0, 1
"/home/kenny/projects/resdynmed/sourcedata/lunarphase/2015.json", "JSON", 0, 1, 0, 0, 0, 0, 0, 0, 1
"/home/kenny/projects/resdynmed/sourcedata/lunarphase/2016.json", "JSON", 0, 1, 0, 0, 0, 0, 0, 0, 1
"/home/kenny/projects/resdynmed/sourcedata/lunarphase/2017.json", "JSON", 0, 1, 0, 0, 0, 0, 0, 0, 1
"/home/kenny/projects/resdynmed/sourcedata/lunarphase/2018.json", "JSON", 0, 1, 0, 0, 0, 0, 0, 0, 1
"/home/kenny/projects/resdynmed/sourcedata/lunarphase/2019.json", "JSON", 0, 1, 0, 0, 0, 0, 0, 0, 1
"/home/kenny/projects/resdynmed/sourcedata/lunarphase/2020.json", "JSON", 0, 1, 0, 0, 0, 0, 0, 0, 1
"/home/kenny/projects/resdynmed/sourcedata/lunarphase/2021.json", "JSON", 0, 1, 0, 0, 0, 0, 0, 0, 1
"/home/kenny/projects/resdynmed/sourcedata/lunarphase/2022.json", "JSON", 0, 1, 0, 0, 0, 0, 0, 0, 1
"/home/kenny/projects/resdynmed/sourcedata/lunarphase/2023.json", "JSON", 0, 261, 0, 0, 0, 0, 0, 0, 261
"/home/kenny/projects/resdynmed/sourcedata/lunarphase/2024.json", "JSON", 0, 268, 0, 0, 0, 0, 0, 0, 268
"/home/kenny/projects/resdynmed/sourcedata/lunarphase/2025.json", "JSON", 0, 1, 0, 0, 0, 0, 0, 0, 1
"/home/kenny/projects/resdynmed/sourcedata/lunarphase/2026.json", "JSON", 0, 1, 0, 0, 0, 0, 0, 0, 1
"/home/kenny/projects/resdynmed/sourcedata/lunarphase/2027.json", "JSON", 0, 1, 0, 0, 0, 0, 0, 0, 1
"/home/kenny/projects/resdynmed/sourcedata/lunarphase/2028.json", "JSON", 0, 1, 0, 0, 0, 0, 0, 0, 1
"/home/kenny/projects/resdynmed/sourcedata/lunarphase/2029.json", "JSON", 0, 1, 0, 0, 0, 0, 0, 0, 1
"/home/kenny/projects/resdynmed/sourcedata/lunarphase/2030.json", "JSON", 0, 1, 0, 0, 0, 0, 0, 0, 1
"/home/kenny/projects/resdynmed/sourcedata/lunarphase/2031.json", "JSON", 0, 1, 0, 0, 0, 0, 0, 0, 1
"/home/kenny/projects/resdynmed/sourcedata/lunarphase/2032.json", "JSON", 0, 1, 0, 0, 0, 0, 0, 0, 1
"/home/kenny/projects/resdynmed/sourcedata/lunarphase/2033.json", "JSON", 0, 1, 0, 0, 0, 0, 0, 0, 1
"/home/kenny/projects/resdynmed/sourcedata/lunarphase/2034.json", "JSON", 0, 1, 0, 0, 0, 0, 0, 0, 1
"/home/kenny/projects/resdynmed/sourcedata/lunarphase/2035.json", "JSON", 0, 1, 0, 0, 0, 0, 0, 0, 1
"/home/kenny/projects/resdynmed/sourcedata/lunarphase/2036.json", "JSON", 0, 1, 0, 0, 0, 0, 0, 0, 1
"/home/kenny/projects/resdynmed/sourcedata/lunarphase/2037.json", "JSON", 0, 1, 0, 0, 0, 0, 0, 0, 1
"/home/kenny/projects/resdynmed/sourcedata/lunarphase/2038.json", "JSON", 0, 1, 0, 0, 0, 0, 0, 0, 1
"/home/kenny/projects/resdynmed/sourcedata/lunarphase/2039.json", "JSON", 0, 1, 0, 0, 0, 0, 0, 0, 1
"/home/kenny/projects/resdynmed/sourcedata/lunarphase/2040.json", "JSON", 0, 1, 0, 0, 0, 0, 0, 0, 1
"/home/kenny/projects/resdynmed/sourcedata/lunarphase/2041.json", "JSON", 0, 1, 0, 0, 0, 0, 0, 0, 1
"/home/kenny/projects/resdynmed/sourcedata/lunarphase/2042.json", "JSON", 0, 1, 0, 0, 0, 0, 0, 0, 1
"/home/kenny/projects/resdynmed/sourcedata/lunarphase/2043.json", "JSON", 0, 1, 0, 0, 0, 0, 0, 0, 1
"/home/kenny/projects/resdynmed/sourcedata/lunarphase/2044.json", "JSON", 0, 1, 0, 0, 0, 0, 0, 0, 1
"/home/kenny/projects/resdynmed/sourcedata/lunarphase/2045.json", "JSON", 0, 1, 0, 0, 0, 0, 0, 0, 1
"/home/kenny/projects/resdynmed/sourcedata/lunarphase/2046.json", "JSON", 0, 1, 0, 0, 0, 0, 0, 0, 1
"/home/kenny/projects/resdynmed/sourcedata/lunarphase/2047.json", "JSON", 0, 254, 0, 0, 0, 0, 0, 0, 254
"/home/kenny/projects/resdynmed/sourcedata/lunarphase/2048.json", "JSON", 0, 268, 0, 0, 0, 0, 0, 0, 268
"/home/kenny/projects/resdynmed/sourcedata/lunarphase/2049.json", "JSON", 0, 261, 0, 0, 0, 0, 0, 0, 261
"/home/kenny/projects/resdynmed/sourcedata/lunarphase/2050.json", "JSON", 0, 1, 0, 0, 0, 0, 0, 0, 1
"/home/kenny/projects/resdynmed/sourcedata/lunarphase/2051.json", "JSON", 0, 1, 0, 0, 0, 0, 0, 0, 1
"/home/kenny/projects/resdynmed/sourcedata/lunarphase/2052.json", "JSON", 0, 1, 0, 0, 0, 0, 0, 0, 1
"/home/kenny/projects/resdynmed/sourcedata/lunarphase/2053.json", "JSON", 0, 1, 0, 0, 0, 0, 0, 0, 1
"/home/kenny/projects/resdynmed/sourcedata/lunarphase/2054.json", "JSON", 0, 1, 0, 0, 0, 0, 0, 0, 1
"/home/kenny/projects/resdynmed/sourcedata/lunarphase/2055.json", "JSON", 0, 1, 0, 0, 0, 0, 0, 0, 1
"/home/kenny/projects/resdynmed/sourcedata/lunarphase/2056.json", "JSON", 0, 1, 0, 0, 0, 0, 0, 0, 1
"/home/kenny/projects/resdynmed/sourcedata/lunarphase/2057.json", "JSON", 0, 1, 0, 0, 0, 0, 0, 0, 1
"/home/kenny/projects/resdynmed/sourcedata/lunarphase/2058.json", "JSON", 0, 1, 0, 0, 0, 0, 0, 0, 1
"/home/kenny/projects/resdynmed/sourcedata/lunarphase/2059.json", "JSON", 0, 1, 0, 0, 0, 0, 0, 0, 1
"/home/kenny/projects/resdynmed/sourcedata/lunarphase/2060.json", "JSON", 0, 1, 0, 0, 0, 0, 0, 0, 1
"/home/kenny/projects/resdynmed/sourcedata/lunarphase/2061.json", "JSON", 0, 1, 0, 0, 0, 0, 0, 0, 1
"/home/kenny/projects/resdynmed/sourcedata/lunarphase/2062.json", "JSON", 0, 1, 0, 0, 0, 0, 0, 0, 1
"/home/kenny/projects/resdynmed/sourcedata/lunarphase/2063.json", "JSON", 0, 1, 0, 0, 0, 0, 0, 0, 1
"/home/kenny/projects/resdynmed/sourcedata/lunarphase/2064.json", "JSON", 0, 1, 0, 0, 0, 0, 0, 0, 1
"/home/kenny/projects/resdynmed/sourcedata/lunarphase/2065.json", "JSON", 0, 1, 0, 0, 0, 0, 0, 0, 1
"/home/kenny/projects/resdynmed/sourcedata/lunarphase/2066.json", "JSON", 0, 1, 0, 0, 0, 0, 0, 0, 1
"/home/kenny/projects/resdynmed/sourcedata/lunarphase/2067.json", "JSON", 0, 1, 0, 0, 0, 0, 0, 0, 1
"/home/kenny/projects/resdynmed/sourcedata/lunarphase/2068.json", "JSON", 0, 1, 0, 0, 0, 0, 0, 0, 1
"/home/kenny/projects/resdynmed/sourcedata/lunarphase/2069.json", "JSON", 0, 1, 0, 0, 0, 0, 0, 0, 1
"/home/kenny/projects/resdynmed/sourcedata/lunarphase/2070.json", "JSON", 0, 1, 0, 0, 0, 0, 0, 0, 1
"/home/kenny/projects/resdynmed/sourcedata/lunarphase/2071.json", "JSON", 0, 1, 0, 0, 0, 0, 0, 0, 1
"/home/kenny/projects/resdynmed/sourcedata/lunarphase/2072.json", "JSON", 0, 1, 0, 0, 0, 0, 0, 0, 1
"/home/kenny/projects/resdynmed/sourcedata/lunarphase/2073.json", "JSON", 0, 1, 0, 0, 0, 0, 0, 0, 1
"/home/kenny/projects/resdynmed/sourcedata/lunarphase/2074.json", "JSON", 0, 1, 0, 0, 0, 0, 0, 0, 1
"/home/kenny/projects/resdynmed/sourcedata/lunarphase/2075.json", "JSON", 0, 1, 0, 0, 0, 0, 0, 0, 1
"/home/kenny/projects/resdynmed/sourcedata/lunarphase/2076.json", "JSON", 0, 1, 0, 0, 0, 0, 0, 0, 1
"/home/kenny/projects/resdynmed/sourcedata/lunarphase/2077.json", "JSON", 0, 1, 0, 0, 0, 0, 0, 0, 1
"/home/kenny/projects/resdynmed/sourcedata/lunarphase/2078.json", "JSON", 0, 1, 0, 0, 0, 0, 0, 0, 1
"/home/kenny/projects/resdynmed/sourcedata/lunarphase/2079.json", "JSON", 0, 1, 0, 0, 0, 0, 0, 0, 1
"/home/kenny/projects/resdynmed/sourcedata/lunarphase/2080.json", "JSON", 0, 1, 0, 0, 0, 0, 0, 0, 1
"/home/kenny/projects/resdynmed/sourcedata/lunarphase/2081.json", "JSON", 0, 1, 0, 0, 0, 0, 0, 0, 1
"/home/kenny/projects/resdynmed/sourcedata/lunarphase/2082.json", "JSON", 0, 1, 0, 0, 0, 0, 0, 0, 1
"/home/kenny/projects/resdynmed/sourcedata/lunarphase/2083.json", "JSON", 0, 1, 0, 0, 0, 0, 0, 0, 1
"/home/kenny/projects/resdynmed/sourcedata/lunarphase/2084.json", "JSON", 0, 1, 0, 0, 0, 0, 0, 0, 1
"/home/kenny/projects/resdynmed/sourcedata/lunarphase/2085.json", "JSON", 0, 1, 0, 0, 0, 0, 0, 0, 1
"/home/kenny/projects/resdynmed/sourcedata/lunarphase/2086.json", "JSON", 0, 1, 0, 0, 0, 0, 0, 0, 1
"/home/kenny/projects/resdynmed/sourcedata/lunarphase/2087.json", "JSON", 0, 1, 0, 0, 0, 0, 0, 0, 1
"/home/kenny/projects/resdynmed/sourcedata/lunarphase/2088.json", "JSON", 0, 1, 0, 0, 0, 0, 0, 0, 1
"/home/kenny/projects/resdynmed/sourcedata/lunarphase/2089.json", "JSON", 0, 1, 0, 0, 0, 0, 0, 0, 1
"/home/kenny/projects/resdynmed/sourcedata/lunarphase/2090.json", "JSON", 0, 1, 0, 0, 0, 0, 0, 0, 1
"/home/kenny/projects/resdynmed/sourcedata/lunarphase/2091.json", "JSON", 0, 1, 0, 0, 0, 0, 0, 0, 1
"/home/kenny/projects/resdynmed/sourcedata/lunarphase/2092.json", "JSON", 0, 1, 0, 0, 0, 0, 0, 0, 1
"/home/kenny/projects/resdynmed/sourcedata/lunarphase/2093.json", "JSON", 0, 1, 0, 0, 0, 0, 0, 0, 1
"/home/kenny/projects/resdynmed/sourcedata/lunarphase/2094.json", "JSON", 0, 1, 0, 0, 0, 0, 0, 0, 1
"/home/kenny/projects/resdynmed/sourcedata/lunarphase/2095.json", "JSON", 0, 1, 0, 0, 0, 0, 0, 0, 1
"/home/kenny/projects/resdynmed/sourcedata/lunarphase/2096.json", "JSON", 0, 1, 0, 0, 0, 0, 0, 0, 1
"/home/kenny/projects/resdynmed/sourcedata/lunarphase/2097.json", "JSON", 0, 1, 0, 0, 0, 0, 0, 0, 1
"/home/kenny/projects/resdynmed/sourcedata/lunarphase/2098.json", "JSON", 0, 1, 0, 0, 0, 0, 0, 0, 1
"/home/kenny/projects/resdynmed/sourcedata/lunarphase/2099.json", "JSON", 0, 1, 0, 0, 0, 0, 0, 0, 1
"/home/kenny/projects/resdynmed/sourcedata/lunarphase/2100.json", "JSON", 0, 1, 0, 0, 0, 0, 0, 0, 1
"/home/kenny/projects/resdynmed/src/data/intro.json", "JSON", 0, 4, 0, 0, 0, 0, 0, 0, 4
"/home/kenny/projects/resdynmed/src/data/lunarphase/2023.json", "JSON", 0, 333, 0, 0, 0, 0, 0, 0, 333
"/home/kenny/projects/resdynmed/src/data/lunarphase/2024.json", "JSON", 0, 1, 0, 0, 0, 0, 0, 0, 1
"/home/kenny/projects/resdynmed/src/data/lunarphase/2025.json", "JSON", 0, 1, 0, 0, 0, 0, 0, 0, 1
"/home/kenny/projects/resdynmed/src/data/lunarphase/2026.json", "JSON", 0, 1, 0, 0, 0, 0, 0, 0, 1
"/home/kenny/projects/resdynmed/src/data/lunarphase/2027.json", "JSON", 0, 1, 0, 0, 0, 0, 0, 0, 1
"/home/kenny/projects/resdynmed/src/data/lunarphase/2028.json", "JSON", 0, 1, 0, 0, 0, 0, 0, 0, 1
"/home/kenny/projects/resdynmed/src/data/lunarphase/2029.json", "JSON", 0, 1, 0, 0, 0, 0, 0, 0, 1
"/home/kenny/projects/resdynmed/src/data/lunarphase/2030.json", "JSON", 0, 1, 0, 0, 0, 0, 0, 0, 1
"/home/kenny/projects/resdynmed/src/data/lunarphase/2031.json", "JSON", 0, 1, 0, 0, 0, 0, 0, 0, 1
"/home/kenny/projects/resdynmed/src/data/lunarphase/2032.json", "JSON", 0, 1, 0, 0, 0, 0, 0, 0, 1
"/home/kenny/projects/resdynmed/src/data/lunarphase/2033.json", "JSON", 0, 1, 0, 0, 0, 0, 0, 0, 1
"/home/kenny/projects/resdynmed/src/data/lunarphase/2034.json", "JSON", 0, 1, 0, 0, 0, 0, 0, 0, 1
"/home/kenny/projects/resdynmed/src/data/lunarphase/2035.json", "JSON", 0, 1, 0, 0, 0, 0, 0, 0, 1
"/home/kenny/projects/resdynmed/src/data/lunarphase/2036.json", "JSON", 0, 1, 0, 0, 0, 0, 0, 0, 1
"/home/kenny/projects/resdynmed/src/data/lunarphase/2037.json", "JSON", 0, 1, 0, 0, 0, 0, 0, 0, 1
"/home/kenny/projects/resdynmed/src/data/lunarphase/2038.json", "JSON", 0, 1, 0, 0, 0, 0, 0, 0, 1
"/home/kenny/projects/resdynmed/src/data/lunarphase/2039.json", "JSON", 0, 1, 0, 0, 0, 0, 0, 0, 1
"/home/kenny/projects/resdynmed/src/data/lunarphase/2040.json", "JSON", 0, 1, 0, 0, 0, 0, 0, 0, 1
"/home/kenny/projects/resdynmed/src/data/lunarphase/2041.json", "JSON", 0, 1, 0, 0, 0, 0, 0, 0, 1
"/home/kenny/projects/resdynmed/src/data/lunarphase/2042.json", "JSON", 0, 1, 0, 0, 0, 0, 0, 0, 1
"/home/kenny/projects/resdynmed/src/data/lunarphase/2043.json", "JSON", 0, 1, 0, 0, 0, 0, 0, 0, 1
"/home/kenny/projects/resdynmed/src/data/lunarphase/2044.json", "JSON", 0, 1, 0, 0, 0, 0, 0, 0, 1
"/home/kenny/projects/resdynmed/src/data/lunarphase/2045.json", "JSON", 0, 1, 0, 0, 0, 0, 0, 0, 1
"/home/kenny/projects/resdynmed/src/data/lunarphase/2046.json", "JSON", 0, 1, 0, 0, 0, 0, 0, 0, 1
"/home/kenny/projects/resdynmed/src/data/lunarphase/2047.json", "JSON", 0, 1, 0, 0, 0, 0, 0, 0, 1
"/home/kenny/projects/resdynmed/src/data/lunarphase/2048.json", "JSON", 0, 1, 0, 0, 0, 0, 0, 0, 1
"/home/kenny/projects/resdynmed/src/data/lunarphase/2049.json", "JSON", 0, 1, 0, 0, 0, 0, 0, 0, 1
"/home/kenny/projects/resdynmed/src/data/lunarphase/2050.json", "JSON", 0, 1, 0, 0, 0, 0, 0, 0, 1
"/home/kenny/projects/resdynmed/src/data/lunarphase/2051.json", "JSON", 0, 1, 0, 0, 0, 0, 0, 0, 1
"/home/kenny/projects/resdynmed/src/data/lunarphase/2052.json", "JSON", 0, 1, 0, 0, 0, 0, 0, 0, 1
"/home/kenny/projects/resdynmed/src/data/lunarphase/2053.json", "JSON", 0, 1, 0, 0, 0, 0, 0, 0, 1
"/home/kenny/projects/resdynmed/src/data/lunarphase/2054.json", "JSON", 0, 1, 0, 0, 0, 0, 0, 0, 1
"/home/kenny/projects/resdynmed/src/data/lunarphase/2055.json", "JSON", 0, 1, 0, 0, 0, 0, 0, 0, 1
"/home/kenny/projects/resdynmed/src/data/lunarphase/2056.json", "JSON", 0, 1, 0, 0, 0, 0, 0, 0, 1
"/home/kenny/projects/resdynmed/src/data/lunarphase/2057.json", "JSON", 0, 1, 0, 0, 0, 0, 0, 0, 1
"/home/kenny/projects/resdynmed/src/data/lunarphase/2058.json", "JSON", 0, 1, 0, 0, 0, 0, 0, 0, 1
"/home/kenny/projects/resdynmed/src/data/lunarphase/2059.json", "JSON", 0, 1, 0, 0, 0, 0, 0, 0, 1
"/home/kenny/projects/resdynmed/src/data/lunarphase/2060.json", "JSON", 0, 1, 0, 0, 0, 0, 0, 0, 1
"/home/kenny/projects/resdynmed/src/data/lunarphase/2061.json", "JSON", 0, 1, 0, 0, 0, 0, 0, 0, 1
"/home/kenny/projects/resdynmed/src/data/lunarphase/2062.json", "JSON", 0, 1, 0, 0, 0, 0, 0, 0, 1
"/home/kenny/projects/resdynmed/src/data/lunarphase/2063.json", "JSON", 0, 1, 0, 0, 0, 0, 0, 0, 1
"/home/kenny/projects/resdynmed/src/data/lunarphase/2064.json", "JSON", 0, 1, 0, 0, 0, 0, 0, 0, 1
"/home/kenny/projects/resdynmed/src/data/lunarphase/2065.json", "JSON", 0, 1, 0, 0, 0, 0, 0, 0, 1
"/home/kenny/projects/resdynmed/src/data/lunarphase/2066.json", "JSON", 0, 1, 0, 0, 0, 0, 0, 0, 1
"/home/kenny/projects/resdynmed/src/data/lunarphase/2067.json", "JSON", 0, 1, 0, 0, 0, 0, 0, 0, 1
"/home/kenny/projects/resdynmed/src/data/lunarphase/2068.json", "JSON", 0, 1, 0, 0, 0, 0, 0, 0, 1
"/home/kenny/projects/resdynmed/src/data/lunarphase/2069.json", "JSON", 0, 1, 0, 0, 0, 0, 0, 0, 1
"/home/kenny/projects/resdynmed/src/data/lunarphase/2070.json", "JSON", 0, 1, 0, 0, 0, 0, 0, 0, 1
"/home/kenny/projects/resdynmed/src/data/lunarphase/2071.json", "JSON", 0, 1, 0, 0, 0, 0, 0, 0, 1
"/home/kenny/projects/resdynmed/src/data/lunarphase/2072.json", "JSON", 0, 1, 0, 0, 0, 0, 0, 0, 1
"/home/kenny/projects/resdynmed/src/data/lunarphase/2073.json", "JSON", 0, 1, 0, 0, 0, 0, 0, 0, 1
"/home/kenny/projects/resdynmed/src/data/lunarphase/2074.json", "JSON", 0, 1, 0, 0, 0, 0, 0, 0, 1
"/home/kenny/projects/resdynmed/src/data/lunarphase/2075.json", "JSON", 0, 1, 0, 0, 0, 0, 0, 0, 1
"/home/kenny/projects/resdynmed/src/data/lunarphase/2076.json", "JSON", 0, 1, 0, 0, 0, 0, 0, 0, 1
"/home/kenny/projects/resdynmed/src/data/lunarphase/2077.json", "JSON", 0, 1, 0, 0, 0, 0, 0, 0, 1
"/home/kenny/projects/resdynmed/src/data/lunarphase/2078.json", "JSON", 0, 1, 0, 0, 0, 0, 0, 0, 1
"/home/kenny/projects/resdynmed/src/data/lunarphase/2079.json", "JSON", 0, 1, 0, 0, 0, 0, 0, 0, 1
"/home/kenny/projects/resdynmed/src/data/lunarphase/2080.json", "JSON", 0, 1, 0, 0, 0, 0, 0, 0, 1
"/home/kenny/projects/resdynmed/src/data/lunarphase/2081.json", "JSON", 0, 1, 0, 0, 0, 0, 0, 0, 1
"/home/kenny/projects/resdynmed/src/data/lunarphase/2082.json", "JSON", 0, 1, 0, 0, 0, 0, 0, 0, 1
"/home/kenny/projects/resdynmed/src/data/lunarphase/2083.json", "JSON", 0, 1, 0, 0, 0, 0, 0, 0, 1
"/home/kenny/projects/resdynmed/src/data/lunarphase/2084.json", "JSON", 0, 1, 0, 0, 0, 0, 0, 0, 1
"/home/kenny/projects/resdynmed/src/data/lunarphase/2085.json", "JSON", 0, 1, 0, 0, 0, 0, 0, 0, 1
"/home/kenny/projects/resdynmed/src/data/lunarphase/2086.json", "JSON", 0, 1, 0, 0, 0, 0, 0, 0, 1
"/home/kenny/projects/resdynmed/src/data/lunarphase/2087.json", "JSON", 0, 1, 0, 0, 0, 0, 0, 0, 1
"/home/kenny/projects/resdynmed/src/data/lunarphase/2088.json", "JSON", 0, 1, 0, 0, 0, 0, 0, 0, 1
"/home/kenny/projects/resdynmed/src/data/lunarphase/2089.json", "JSON", 0, 1, 0, 0, 0, 0, 0, 0, 1
"/home/kenny/projects/resdynmed/src/data/lunarphase/2090.json", "JSON", 0, 1, 0, 0, 0, 0, 0, 0, 1
"/home/kenny/projects/resdynmed/src/data/lunarphase/2091.json", "JSON", 0, 1, 0, 0, 0, 0, 0, 0, 1
"/home/kenny/projects/resdynmed/src/data/lunarphase/2092.json", "JSON", 0, 1, 0, 0, 0, 0, 0, 0, 1
"/home/kenny/projects/resdynmed/src/data/lunarphase/2093.json", "JSON", 0, 1, 0, 0, 0, 0, 0, 0, 1
"/home/kenny/projects/resdynmed/src/data/lunarphase/2094.json", "JSON", 0, 1, 0, 0, 0, 0, 0, 0, 1
"/home/kenny/projects/resdynmed/src/data/lunarphase/2095.json", "JSON", 0, 1, 0, 0, 0, 0, 0, 0, 1
"/home/kenny/projects/resdynmed/src/data/lunarphase/2096.json", "JSON", 0, 1, 0, 0, 0, 0, 0, 0, 1
"/home/kenny/projects/resdynmed/src/data/lunarphase/2097.json", "JSON", 0, 1, 0, 0, 0, 0, 0, 0, 1
"/home/kenny/projects/resdynmed/src/data/lunarphase/2098.json", "JSON", 0, 1, 0, 0, 0, 0, 0, 0, 1
"/home/kenny/projects/resdynmed/src/data/lunarphase/2099.json", "JSON", 0, 1, 0, 0, 0, 0, 0, 0, 1
"/home/kenny/projects/resdynmed/src/data/lunarphase/2100.json", "JSON", 0, 1, 0, 0, 0, 0, 0, 0, 1
"/home/kenny/projects/resdynmed/src/data/sessionText.json", "JSON", 0, 12, 0, 0, 0, 0, 0, 0, 12
"/home/kenny/projects/resdynmed/src/data/sessions/1901.json", "JSON", 0, 377, 0, 0, 0, 0, 0, 0, 377
"/home/kenny/projects/resdynmed/src/data/sessions/1902.json", "JSON", 0, 377, 0, 0, 0, 0, 0, 0, 377
"/home/kenny/projects/resdynmed/src/data/sessions/1903.json", "JSON", 0, 362, 0, 0, 0, 0, 0, 0, 362
"/home/kenny/projects/resdynmed/src/data/sessions/1904.json", "JSON", 0, 383, 0, 0, 0, 0, 0, 0, 383
"/home/kenny/projects/resdynmed/src/data/sessions/1905.json", "JSON", 0, 371, 0, 0, 0, 0, 0, 0, 371
"/home/kenny/projects/resdynmed/src/data/sessions/1906.json", "JSON", 0, 368, 0, 0, 0, 0, 0, 0, 368
"/home/kenny/projects/resdynmed/src/data/sessions/1907.json", "JSON", 0, 380, 0, 0, 0, 0, 0, 0, 380
"/home/kenny/projects/resdynmed/src/data/sessions/1908.json", "JSON", 0, 368, 0, 0, 0, 0, 0, 0, 368
"/home/kenny/projects/resdynmed/src/data/sessions/1909.json", "JSON", 0, 374, 0, 0, 0, 0, 0, 0, 374
"/home/kenny/projects/resdynmed/src/data/sessions/1910.json", "JSON", 0, 380, 0, 0, 0, 0, 0, 0, 380
"/home/kenny/projects/resdynmed/src/data/sessions/1911.json", "JSON", 0, 362, 0, 0, 0, 0, 0, 0, 362
"/home/kenny/projects/resdynmed/src/data/sessions/1912.json", "JSON", 0, 380, 0, 0, 0, 0, 0, 0, 380
"/home/kenny/projects/resdynmed/src/data/sessions/1913.json", "JSON", 0, 374, 0, 0, 0, 0, 0, 0, 374
"/home/kenny/projects/resdynmed/src/data/sessions/1914.json", "JSON", 0, 362, 0, 0, 0, 0, 0, 0, 362
"/home/kenny/projects/resdynmed/src/data/sessions/1915.json", "JSON", 0, 380, 0, 0, 0, 0, 0, 0, 380
"/home/kenny/projects/resdynmed/src/data/sessions/1916.json", "JSON", 0, 371, 0, 0, 0, 0, 0, 0, 371
"/home/kenny/projects/resdynmed/src/data/sessions/1917.json", "JSON", 0, 374, 0, 0, 0, 0, 0, 0, 374
"/home/kenny/projects/resdynmed/src/data/sessions/1918.json", "JSON", 0, 377, 0, 0, 0, 0, 0, 0, 377
"/home/kenny/projects/resdynmed/src/data/sessions/1919.json", "JSON", 0, 362, 0, 0, 0, 0, 0, 0, 362
"/home/kenny/projects/resdynmed/src/data/sessions/1920.json", "JSON", 0, 380, 0, 0, 0, 0, 0, 0, 380
"/home/kenny/projects/resdynmed/src/data/sessions/1921.json", "JSON", 0, 374, 0, 0, 0, 0, 0, 0, 374
"/home/kenny/projects/resdynmed/src/data/sessions/1922.json", "JSON", 0, 362, 0, 0, 0, 0, 0, 0, 362
"/home/kenny/projects/resdynmed/src/data/sessions/1923.json", "JSON", 0, 377, 0, 0, 0, 0, 0, 0, 377
"/home/kenny/projects/resdynmed/src/data/sessions/1924.json", "JSON", 0, 374, 0, 0, 0, 0, 0, 0, 374
"/home/kenny/projects/resdynmed/src/data/sessions/1925.json", "JSON", 0, 371, 0, 0, 0, 0, 0, 0, 371
"/home/kenny/projects/resdynmed/src/data/sessions/1926.json", "JSON", 0, 377, 0, 0, 0, 0, 0, 0, 377
"/home/kenny/projects/resdynmed/src/data/sessions/1927.json", "JSON", 0, 368, 0, 0, 0, 0, 0, 0, 368
"/home/kenny/projects/resdynmed/src/data/sessions/1928.json", "JSON", 0, 374, 0, 0, 0, 0, 0, 0, 374
"/home/kenny/projects/resdynmed/src/data/sessions/1929.json", "JSON", 0, 380, 0, 0, 0, 0, 0, 0, 380
"/home/kenny/projects/resdynmed/src/data/sessions/1930.json", "JSON", 0, 362, 0, 0, 0, 0, 0, 0, 362
"/home/kenny/projects/resdynmed/src/data/sessions/1931.json", "JSON", 0, 380, 0, 0, 0, 0, 0, 0, 380
"/home/kenny/projects/resdynmed/src/data/sessions/1932.json", "JSON", 0, 374, 0, 0, 0, 0, 0, 0, 374
"/home/kenny/projects/resdynmed/src/data/sessions/1933.json", "JSON", 0, 368, 0, 0, 0, 0, 0, 0, 368
"/home/kenny/projects/resdynmed/src/data/sessions/1934.json", "JSON", 0, 377, 0, 0, 0, 0, 0, 0, 377
"/home/kenny/projects/resdynmed/src/data/sessions/1935.json", "JSON", 0, 371, 0, 0, 0, 0, 0, 0, 371
"/home/kenny/projects/resdynmed/src/data/sessions/1936.json", "JSON", 0, 374, 0, 0, 0, 0, 0, 0, 374
"/home/kenny/projects/resdynmed/src/data/sessions/1937.json", "JSON", 0, 377, 0, 0, 0, 0, 0, 0, 377
"/home/kenny/projects/resdynmed/src/data/sessions/1938.json", "JSON", 0, 365, 0, 0, 0, 0, 0, 0, 365
"/home/kenny/projects/resdynmed/src/data/sessions/1939.json", "JSON", 0, 377, 0, 0, 0, 0, 0, 0, 377
"/home/kenny/projects/resdynmed/src/data/sessions/1940.json", "JSON", 0, 377, 0, 0, 0, 0, 0, 0, 377
"/home/kenny/projects/resdynmed/src/data/sessions/1941.json", "JSON", 0, 362, 0, 0, 0, 0, 0, 0, 362
"/home/kenny/projects/resdynmed/src/data/sessions/1942.json", "JSON", 0, 377, 0, 0, 0, 0, 0, 0, 377
"/home/kenny/projects/resdynmed/src/data/sessions/1943.json", "JSON", 0, 374, 0, 0, 0, 0, 0, 0, 374
"/home/kenny/projects/resdynmed/src/data/sessions/1944.json", "JSON", 0, 371, 0, 0, 0, 0, 0, 0, 371
"/home/kenny/projects/resdynmed/src/data/sessions/1945.json", "JSON", 0, 380, 0, 0, 0, 0, 0, 0, 380
"/home/kenny/projects/resdynmed/src/data/sessions/1946.json", "JSON", 0, 365, 0, 0, 0, 0, 0, 0, 365
"/home/kenny/projects/resdynmed/src/data/sessions/1947.json", "JSON", 0, 374, 0, 0, 0, 0, 0, 0, 374
"/home/kenny/projects/resdynmed/src/data/sessions/1948.json", "JSON", 0, 380, 0, 0, 0, 0, 0, 0, 380
"/home/kenny/projects/resdynmed/src/data/sessions/1949.json", "JSON", 0, 362, 0, 0, 0, 0, 0, 0, 362
"/home/kenny/projects/resdynmed/src/data/sessions/1950.json", "JSON", 0, 380, 0, 0, 0, 0, 0, 0, 380
"/home/kenny/projects/resdynmed/src/data/sessions/1951.json", "JSON", 0, 374, 0, 0, 0, 0, 0, 0, 374
"/home/kenny/projects/resdynmed/src/data/sessions/1952.json", "JSON", 0, 368, 0, 0, 0, 0, 0, 0, 368
"/home/kenny/projects/resdynmed/src/data/sessions/1953.json", "JSON", 0, 380, 0, 0, 0, 0, 0, 0, 380
"/home/kenny/projects/resdynmed/src/data/sessions/1954.json", "JSON", 0, 368, 0, 0, 0, 0, 0, 0, 368
"/home/kenny/projects/resdynmed/src/data/sessions/1955.json", "JSON", 0, 371, 0, 0, 0, 0, 0, 0, 371
"/home/kenny/projects/resdynmed/src/data/sessions/1956.json", "JSON", 0, 383, 0, 0, 0, 0, 0, 0, 383
"/home/kenny/projects/resdynmed/src/data/sessions/1957.json", "JSON", 0, 362, 0, 0, 0, 0, 0, 0, 362
"/home/kenny/projects/resdynmed/src/data/sessions/1958.json", "JSON", 0, 377, 0, 0, 0, 0, 0, 0, 377
"/home/kenny/projects/resdynmed/src/data/sessions/1959.json", "JSON", 0, 377, 0, 0, 0, 0, 0, 0, 377
"/home/kenny/projects/resdynmed/src/data/sessions/1960.json", "JSON", 0, 362, 0, 0, 0, 0, 0, 0, 362
"/home/kenny/projects/resdynmed/src/data/sessions/1961.json", "JSON", 0, 380, 0, 0, 0, 0, 0, 0, 380
"/home/kenny/projects/resdynmed/src/data/sessions/1962.json", "JSON", 0, 371, 0, 0, 0, 0, 0, 0, 371
"/home/kenny/projects/resdynmed/src/data/sessions/1963.json", "JSON", 0, 371, 0, 0, 0, 0, 0, 0, 371
"/home/kenny/projects/resdynmed/src/data/sessions/1964.json", "JSON", 0, 380, 0, 0, 0, 0, 0, 0, 380
"/home/kenny/projects/resdynmed/src/data/sessions/1965.json", "JSON", 0, 365, 0, 0, 0, 0, 0, 0, 365
"/home/kenny/projects/resdynmed/src/data/sessions/1966.json", "JSON", 0, 374, 0, 0, 0, 0, 0, 0, 374
"/home/kenny/projects/resdynmed/src/data/sessions/1967.json", "JSON", 0, 380, 0, 0, 0, 0, 0, 0, 380
"/home/kenny/projects/resdynmed/src/data/sessions/1968.json", "JSON", 0, 362, 0, 0, 0, 0, 0, 0, 362
"/home/kenny/projects/resdynmed/src/data/sessions/1969.json", "JSON", 0, 380, 0, 0, 0, 0, 0, 0, 380
"/home/kenny/projects/resdynmed/src/data/sessions/1970.json", "JSON", 0, 374, 0, 0, 0, 0, 0, 0, 374
"/home/kenny/projects/resdynmed/src/data/sessions/1971.json", "JSON", 0, 368, 0, 0, 0, 0, 0, 0, 368
"/home/kenny/projects/resdynmed/src/data/sessions/1972.json", "JSON", 0, 380, 0, 0, 0, 0, 0, 0, 380
"/home/kenny/projects/resdynmed/src/data/sessions/1973.json", "JSON", 0, 368, 0, 0, 0, 0, 0, 0, 368
"/home/kenny/projects/resdynmed/src/data/sessions/1974.json", "JSON", 0, 371, 0, 0, 0, 0, 0, 0, 371
"/home/kenny/projects/resdynmed/src/data/sessions/1975.json", "JSON", 0, 380, 0, 0, 0, 0, 0, 0, 380
"/home/kenny/projects/resdynmed/src/data/sessions/1976.json", "JSON", 0, 365, 0, 0, 0, 0, 0, 0, 365
"/home/kenny/projects/resdynmed/src/data/sessions/1977.json", "JSON", 0, 377, 0, 0, 0, 0, 0, 0, 377
"/home/kenny/projects/resdynmed/src/data/sessions/1978.json", "JSON", 0, 377, 0, 0, 0, 0, 0, 0, 377
"/home/kenny/projects/resdynmed/src/data/sessions/1979.json", "JSON", 0, 362, 0, 0, 0, 0, 0, 0, 362
"/home/kenny/projects/resdynmed/src/data/sessions/1980.json", "JSON", 0, 380, 0, 0, 0, 0, 0, 0, 380
"/home/kenny/projects/resdynmed/src/data/sessions/1981.json", "JSON", 0, 371, 0, 0, 0, 0, 0, 0, 371
"/home/kenny/projects/resdynmed/src/data/sessions/1982.json", "JSON", 0, 371, 0, 0, 0, 0, 0, 0, 371
"/home/kenny/projects/resdynmed/src/data/sessions/1983.json", "JSON", 0, 377, 0, 0, 0, 0, 0, 0, 377
"/home/kenny/projects/resdynmed/src/data/sessions/1984.json", "JSON", 0, 368, 0, 0, 0, 0, 0, 0, 368
"/home/kenny/projects/resdynmed/src/data/sessions/1985.json", "JSON", 0, 374, 0, 0, 0, 0, 0, 0, 374
"/home/kenny/projects/resdynmed/src/data/sessions/1986.json", "JSON", 0, 380, 0, 0, 0, 0, 0, 0, 380
"/home/kenny/projects/resdynmed/src/data/sessions/1987.json", "JSON", 0, 362, 0, 0, 0, 0, 0, 0, 362
"/home/kenny/projects/resdynmed/src/data/sessions/1988.json", "JSON", 0, 380, 0, 0, 0, 0, 0, 0, 380
"/home/kenny/projects/resdynmed/src/data/sessions/1989.json", "JSON", 0, 374, 0, 0, 0, 0, 0, 0, 374
"/home/kenny/projects/resdynmed/src/data/sessions/1990.json", "JSON", 0, 368, 0, 0, 0, 0, 0, 0, 368
"/home/kenny/projects/resdynmed/src/data/sessions/1991.json", "JSON", 0, 380, 0, 0, 0, 0, 0, 0, 380
"/home/kenny/projects/resdynmed/src/data/sessions/1992.json", "JSON", 0, 368, 0, 0, 0, 0, 0, 0, 368
"/home/kenny/projects/resdynmed/src/data/sessions/1993.json", "JSON", 0, 371, 0, 0, 0, 0, 0, 0, 371
"/home/kenny/projects/resdynmed/src/data/sessions/1994.json", "JSON", 0, 380, 0, 0, 0, 0, 0, 0, 380
"/home/kenny/projects/resdynmed/src/data/sessions/1995.json", "JSON", 0, 362, 0, 0, 0, 0, 0, 0, 362
"/home/kenny/projects/resdynmed/src/data/sessions/1996.json", "JSON", 0, 377, 0, 0, 0, 0, 0, 0, 377
"/home/kenny/projects/resdynmed/src/data/sessions/1997.json", "JSON", 0, 377, 0, 0, 0, 0, 0, 0, 377
"/home/kenny/projects/resdynmed/src/data/sessions/1998.json", "JSON", 0, 362, 0, 0, 0, 0, 0, 0, 362
"/home/kenny/projects/resdynmed/src/data/sessions/1999.json", "JSON", 0, 380, 0, 0, 0, 0, 0, 0, 380
"/home/kenny/projects/resdynmed/src/data/sessions/2000.json", "JSON", 0, 371, 0, 0, 0, 0, 0, 0, 371
"/home/kenny/projects/resdynmed/src/data/sessions/2001.json", "JSON", 0, 371, 0, 0, 0, 0, 0, 0, 371
"/home/kenny/projects/resdynmed/src/data/sessions/2002.json", "JSON", 0, 377, 0, 0, 0, 0, 0, 0, 377
"/home/kenny/projects/resdynmed/src/data/sessions/2003.json", "JSON", 0, 368, 0, 0, 0, 0, 0, 0, 368
"/home/kenny/projects/resdynmed/src/data/sessions/2004.json", "JSON", 0, 374, 0, 0, 0, 0, 0, 0, 374
"/home/kenny/projects/resdynmed/src/data/sessions/2005.json", "JSON", 0, 380, 0, 0, 0, 0, 0, 0, 380
"/home/kenny/projects/resdynmed/src/data/sessions/2006.json", "JSON", 0, 362, 0, 0, 0, 0, 0, 0, 362
"/home/kenny/projects/resdynmed/src/data/sessions/2007.json", "JSON", 0, 380, 0, 0, 0, 0, 0, 0, 380
"/home/kenny/projects/resdynmed/src/data/sessions/2008.json", "JSON", 0, 374, 0, 0, 0, 0, 0, 0, 374
"/home/kenny/projects/resdynmed/src/data/sessions/2009.json", "JSON", 0, 368, 0, 0, 0, 0, 0, 0, 368
"/home/kenny/projects/resdynmed/src/data/sessions/2010.json", "JSON", 0, 380, 0, 0, 0, 0, 0, 0, 380
"/home/kenny/projects/resdynmed/src/data/sessions/2011.json", "JSON", 0, 368, 0, 0, 0, 0, 0, 0, 368
"/home/kenny/projects/resdynmed/src/data/sessions/2012.json", "JSON", 0, 374, 0, 0, 0, 0, 0, 0, 374
"/home/kenny/projects/resdynmed/src/data/sessions/2013.json", "JSON", 0, 377, 0, 0, 0, 0, 0, 0, 377
"/home/kenny/projects/resdynmed/src/data/sessions/2014.json", "JSON", 0, 362, 0, 0, 0, 0, 0, 0, 362
"/home/kenny/projects/resdynmed/src/data/sessions/2015.json", "JSON", 0, 377, 0, 0, 0, 0, 0, 0, 377
"/home/kenny/projects/resdynmed/src/data/sessions/2016.json", "JSON", 0, 377, 0, 0, 0, 0, 0, 0, 377
"/home/kenny/projects/resdynmed/src/data/sessions/2017.json", "JSON", 0, 362, 0, 0, 0, 0, 0, 0, 362
"/home/kenny/projects/resdynmed/src/data/sessions/2018.json", "JSON", 0, 380, 0, 0, 0, 0, 0, 0, 380
"/home/kenny/projects/resdynmed/src/data/sessions/2019.json", "JSON", 0, 371, 0, 0, 0, 0, 0, 0, 371
"/home/kenny/projects/resdynmed/src/data/sessions/2020.json", "JSON", 0, 371, 0, 0, 0, 0, 0, 0, 371
"/home/kenny/projects/resdynmed/src/data/sessions/2021.json", "JSON", 0, 377, 0, 0, 0, 0, 0, 0, 377
"/home/kenny/projects/resdynmed/src/data/sessions/2022.json", "JSON", 0, 368, 0, 0, 0, 0, 0, 0, 368
"/home/kenny/projects/resdynmed/src/data/sessions/2023.json", "JSON", 0, 374, 0, 0, 0, 0, 0, 0, 374
"/home/kenny/projects/resdynmed/src/data/sessions/2024.json", "JSON", 0, 380, 0, 0, 0, 0, 0, 0, 380
"/home/kenny/projects/resdynmed/src/data/sessions/2025.json", "JSON", 0, 362, 0, 0, 0, 0, 0, 0, 362
"/home/kenny/projects/resdynmed/src/data/sessions/2026.json", "JSON", 0, 380, 0, 0, 0, 0, 0, 0, 380
"/home/kenny/projects/resdynmed/src/data/sessions/2027.json", "JSON", 0, 374, 0, 0, 0, 0, 0, 0, 374
"/home/kenny/projects/resdynmed/src/data/sessions/2028.json", "JSON", 0, 368, 0, 0, 0, 0, 0, 0, 368
"/home/kenny/projects/resdynmed/src/data/sessions/2029.json", "JSON", 0, 380, 0, 0, 0, 0, 0, 0, 380
"/home/kenny/projects/resdynmed/src/data/sessions/2030.json", "JSON", 0, 368, 0, 0, 0, 0, 0, 0, 368
"/home/kenny/projects/resdynmed/src/data/sessions/2031.json", "JSON", 0, 371, 0, 0, 0, 0, 0, 0, 371
"/home/kenny/projects/resdynmed/src/data/sessions/2032.json", "JSON", 0, 383, 0, 0, 0, 0, 0, 0, 383
"/home/kenny/projects/resdynmed/src/data/sessions/2033.json", "JSON", 0, 359, 0, 0, 0, 0, 0, 0, 359
"/home/kenny/projects/resdynmed/src/data/sessions/2034.json", "JSON", 0, 380, 0, 0, 0, 0, 0, 0, 380
"/home/kenny/projects/resdynmed/src/data/sessions/2035.json", "JSON", 0, 374, 0, 0, 0, 0, 0, 0, 374
"/home/kenny/projects/resdynmed/src/data/sessions/2036.json", "JSON", 0, 362, 0, 0, 0, 0, 0, 0, 362
"/home/kenny/projects/resdynmed/src/data/sessions/2037.json", "JSON", 0, 380, 0, 0, 0, 0, 0, 0, 380
"/home/kenny/projects/resdynmed/src/data/sessions/2038.json", "JSON", 0, 371, 0, 0, 0, 0, 0, 0, 371
"/home/kenny/projects/resdynmed/src/data/sessions/2039.json", "JSON", 0, 368, 0, 0, 0, 0, 0, 0, 368
"/home/kenny/projects/resdynmed/src/data/sessions/2040.json", "JSON", 0, 380, 0, 0, 0, 0, 0, 0, 380
"/home/kenny/projects/resdynmed/src/data/sessions/2041.json", "JSON", 0, 368, 0, 0, 0, 0, 0, 0, 368
"/home/kenny/projects/resdynmed/src/data/sessions/2042.json", "JSON", 0, 374, 0, 0, 0, 0, 0, 0, 374
"/home/kenny/projects/resdynmed/src/data/sessions/2043.json", "JSON", 0, 380, 0, 0, 0, 0, 0, 0, 380
"/home/kenny/projects/resdynmed/src/data/sessions/2044.json", "JSON", 0, 362, 0, 0, 0, 0, 0, 0, 362
"/home/kenny/projects/resdynmed/src/data/sessions/2045.json", "JSON", 0, 380, 0, 0, 0, 0, 0, 0, 380
"/home/kenny/projects/resdynmed/src/data/sessions/2046.json", "JSON", 0, 374, 0, 0, 0, 0, 0, 0, 374
"/home/kenny/projects/resdynmed/src/data/sessions/2047.json", "JSON", 0, 362, 0, 0, 0, 0, 0, 0, 362
"/home/kenny/projects/resdynmed/src/data/sessions/2048.json", "JSON", 0, 383, 0, 0, 0, 0, 0, 0, 383
"/home/kenny/projects/resdynmed/src/data/sessions/2049.json", "JSON", 0, 368, 0, 0, 0, 0, 0, 0, 368
"/home/kenny/projects/resdynmed/src/data/sessions/2050.json", "JSON", 0, 374, 0, 0, 0, 0, 0, 0, 374
"/home/kenny/projects/resdynmed/src/data/sessions/2051.json", "JSON", 0, 377, 0, 0, 0, 0, 0, 0, 377
"/home/kenny/projects/resdynmed/src/data/sessions/2052.json", "JSON", 0, 362, 0, 0, 0, 0, 0, 0, 362
"/home/kenny/projects/resdynmed/src/data/sessions/2053.json", "JSON", 0, 380, 0, 0, 0, 0, 0, 0, 380
"/home/kenny/projects/resdynmed/src/data/sessions/2054.json", "JSON", 0, 374, 0, 0, 0, 0, 0, 0, 374
"/home/kenny/projects/resdynmed/src/data/sessions/2055.json", "JSON", 0, 362, 0, 0, 0, 0, 0, 0, 362
"/home/kenny/projects/resdynmed/src/data/sessions/2056.json", "JSON", 0, 380, 0, 0, 0, 0, 0, 0, 380
"/home/kenny/projects/resdynmed/src/data/sessions/2057.json", "JSON", 0, 371, 0, 0, 0, 0, 0, 0, 371
"/home/kenny/projects/resdynmed/src/data/sessions/2058.json", "JSON", 0, 371, 0, 0, 0, 0, 0, 0, 371
"/home/kenny/projects/resdynmed/src/data/sessions/2059.json", "JSON", 0, 377, 0, 0, 0, 0, 0, 0, 377
"/home/kenny/projects/resdynmed/src/data/sessions/2060.json", "JSON", 0, 368, 0, 0, 0, 0, 0, 0, 368
"/home/kenny/projects/resdynmed/src/data/sessions/2061.json", "JSON", 0, 377, 0, 0, 0, 0, 0, 0, 377
"/home/kenny/projects/resdynmed/src/data/sessions/2062.json", "JSON", 0, 377, 0, 0, 0, 0, 0, 0, 377
"/home/kenny/projects/resdynmed/src/data/sessions/2063.json", "JSON", 0, 362, 0, 0, 0, 0, 0, 0, 362
"/home/kenny/projects/resdynmed/src/data/sessions/2064.json", "JSON", 0, 380, 0, 0, 0, 0, 0, 0, 380
"/home/kenny/projects/resdynmed/src/data/sessions/2065.json", "JSON", 0, 374, 0, 0, 0, 0, 0, 0, 374
"/home/kenny/projects/resdynmed/src/data/sessions/2066.json", "JSON", 0, 368, 0, 0, 0, 0, 0, 0, 368
"/home/kenny/projects/resdynmed/src/data/sessions/2067.json", "JSON", 0, 377, 0, 0, 0, 0, 0, 0, 377
"/home/kenny/projects/resdynmed/src/data/sessions/2068.json", "JSON", 0, 371, 0, 0, 0, 0, 0, 0, 371
"/home/kenny/projects/resdynmed/src/data/sessions/2069.json", "JSON", 0, 374, 0, 0, 0, 0, 0, 0, 374
"/home/kenny/projects/resdynmed/src/data/sessions/2070.json", "JSON", 0, 377, 0, 0, 0, 0, 0, 0, 377
"/home/kenny/projects/resdynmed/src/data/sessions/2071.json", "JSON", 0, 362, 0, 0, 0, 0, 0, 0, 362
"/home/kenny/projects/resdynmed/src/data/sessions/2072.json", "JSON", 0, 380, 0, 0, 0, 0, 0, 0, 380
"/home/kenny/projects/resdynmed/src/data/sessions/2073.json", "JSON", 0, 374, 0, 0, 0, 0, 0, 0, 374
"/home/kenny/projects/resdynmed/src/data/sessions/2074.json", "JSON", 0, 362, 0, 0, 0, 0, 0, 0, 362
"/home/kenny/projects/resdynmed/src/data/sessions/2075.json", "JSON", 0, 380, 0, 0, 0, 0, 0, 0, 380
"/home/kenny/projects/resdynmed/src/data/sessions/2076.json", "JSON", 0, 371, 0, 0, 0, 0, 0, 0, 371
"/home/kenny/projects/resdynmed/src/data/sessions/2077.json", "JSON", 0, 371, 0, 0, 0, 0, 0, 0, 371
"/home/kenny/projects/resdynmed/src/data/sessions/2078.json", "JSON", 0, 380, 0, 0, 0, 0, 0, 0, 380
"/home/kenny/projects/resdynmed/src/data/sessions/2079.json", "JSON", 0, 365, 0, 0, 0, 0, 0, 0, 365
"/home/kenny/projects/resdynmed/src/data/sessions/2080.json", "JSON", 0, 377, 0, 0, 0, 0, 0, 0, 377
"/home/kenny/projects/resdynmed/src/data/sessions/2081.json", "JSON", 0, 377, 0, 0, 0, 0, 0, 0, 377
"/home/kenny/projects/resdynmed/src/data/sessions/2082.json", "JSON", 0, 362, 0, 0, 0, 0, 0, 0, 362
"/home/kenny/projects/resdynmed/src/data/sessions/2083.json", "JSON", 0, 380, 0, 0, 0, 0, 0, 0, 380
"/home/kenny/projects/resdynmed/src/data/sessions/2084.json", "JSON", 0, 374, 0, 0, 0, 0, 0, 0, 374
"/home/kenny/projects/resdynmed/src/data/sessions/2085.json", "JSON", 0, 368, 0, 0, 0, 0, 0, 0, 368
"/home/kenny/projects/resdynmed/src/data/sessions/2086.json", "JSON", 0, 380, 0, 0, 0, 0, 0, 0, 380
"/home/kenny/projects/resdynmed/src/data/sessions/2087.json", "JSON", 0, 368, 0, 0, 0, 0, 0, 0, 368
"/home/kenny/projects/resdynmed/src/data/sessions/2088.json", "JSON", 0, 374, 0, 0, 0, 0, 0, 0, 374
"/home/kenny/projects/resdynmed/src/data/sessions/2089.json", "JSON", 0, 380, 0, 0, 0, 0, 0, 0, 380
"/home/kenny/projects/resdynmed/src/data/sessions/2090.json", "JSON", 0, 359, 0, 0, 0, 0, 0, 0, 359
"/home/kenny/projects/resdynmed/src/data/sessions/2091.json", "JSON", 0, 377, 0, 0, 0, 0, 0, 0, 377
"/home/kenny/projects/resdynmed/src/data/sessions/2092.json", "JSON", 0, 377, 0, 0, 0, 0, 0, 0, 377
"/home/kenny/projects/resdynmed/src/data/sessions/2093.json", "JSON", 0, 362, 0, 0, 0, 0, 0, 0, 362
"/home/kenny/projects/resdynmed/src/data/sessions/2094.json", "JSON", 0, 380, 0, 0, 0, 0, 0, 0, 380
"/home/kenny/projects/resdynmed/src/data/sessions/2095.json", "JSON", 0, 371, 0, 0, 0, 0, 0, 0, 371
"/home/kenny/projects/resdynmed/src/data/sessions/2096.json", "JSON", 0, 371, 0, 0, 0, 0, 0, 0, 371
"/home/kenny/projects/resdynmed/src/data/sessions/2097.json", "JSON", 0, 380, 0, 0, 0, 0, 0, 0, 380
"/home/kenny/projects/resdynmed/src/data/sessions/2098.json", "JSON", 0, 365, 0, 0, 0, 0, 0, 0, 365
"/home/kenny/projects/resdynmed/src/data/sessions/2099.json", "JSON", 0, 374, 0, 0, 0, 0, 0, 0, 374
"/home/kenny/projects/resdynmed/src/index.html", "HTML", 0, 0, 0, 0, 32, 0, 1, 1, 34
"/home/kenny/projects/resdynmed/src/lib.js", "JavaScript", 46, 0, 0, 0, 0, 0, 0, 6, 52
"/home/kenny/projects/resdynmed/src/monthly.html", "HTML", 0, 0, 0, 0, 27, 0, 0, 1, 28
"/home/kenny/projects/resdynmed/src/monthly.js", "JavaScript", 104, 0, 0, 0, 0, 0, 2, 24, 130
"/home/kenny/projects/resdynmed/src/nextten.html", "HTML", 0, 0, 0, 0, 25, 0, 0, 1, 26
"/home/kenny/projects/resdynmed/src/nextten.js", "JavaScript", 93, 0, 0, 0, 0, 0, 7, 20, 120
"/home/kenny/projects/resdynmed/src/session.html", "HTML", 0, 0, 0, 0, 25, 0, 0, 1, 26
"/home/kenny/projects/resdynmed/src/session.js", "JavaScript", 91, 0, 0, 0, 0, 0, 2, 17, 110
"/home/kenny/projects/resdynmed/src/style.css", "CSS", 0, 0, 0, 125, 0, 0, 17, 25, 167
"/home/kenny/projects/resdynmed/src/vite.config.ts", "TypeScript", 0, 0, 0, 0, 0, 5, 1, 2, 8
"/home/kenny/projects/resdynmed/src/yearly.html", "HTML", 0, 0, 0, 0, 25, 0, 0, 1, 26
"/home/kenny/projects/resdynmed/src/yearly.js", "JavaScript", 100, 0, 0, 0, 0, 0, 4, 23, 127
"/home/kenny/projects/resdynmed/tools/cleanPhaseData.js", "JavaScript", 14, 0, 0, 0, 0, 0, 3, 7, 24
"/home/kenny/projects/resdynmed/tools/compareMethods.js", "JavaScript", 29, 0, 0, 0, 0, 0, 47, 15, 91
"/home/kenny/projects/resdynmed/tools/dataCommon.js", "JavaScript", 16, 0, 0, 0, 0, 0, 3, 6, 25
"/home/kenny/projects/resdynmed/tools/extractSunsetData.js", "JavaScript", 30, 0, 0, 0, 0, 0, 7, 12, 49
"/home/kenny/projects/resdynmed/tools/findYearsForTest.js", "JavaScript", 162, 0, 0, 0, 0, 0, 55, 33, 250
"/home/kenny/projects/resdynmed/tools/generateSessions.js", "JavaScript", 15, 0, 0, 0, 0, 0, 2, 4, 21
"/home/kenny/projects/resdynmed/tools/getDailyData.js", "JavaScript", 47, 0, 0, 0, 0, 0, 14, 20, 81
"/home/kenny/projects/resdynmed/tools/getPhaseData.js", "JavaScript", 26, 0, 0, 0, 0, 0, 7, 8, 41
"/home/kenny/projects/resdynmed/tools/lib.js", "JavaScript", 255, 0, 0, 0, 0, 0, 30, 65, 350
"/home/kenny/projects/resdynmed/tools/lib.test.js", "JavaScript", 201, 0, 0, 0, 0, 0, 146, 81, 428
"/home/kenny/projects/resdynmed/tools/testYears.json", "JSON", 0, 74, 0, 0, 0, 0, 0, 0, 74
"Total", "-", 1229, 250878, 1, 125, 134, 5, 348, 374, 253094